season,episode,code,title,violence,sex,language,overall,verdict,example_1,example_2,example_3
1,01,0101,The One Where Monica Gets a New Roommate (The Pilot-The Uncut Version),1,3,2,3,Moderate — better for older kids / preteens,Opening banter: Monica says the dinner is 'not having sex.',Chandler's naked cafeteria dream / phone-in-crotch joke.,Ross and Carol's marriage ending; lesbian reveal is handled lightly but is adult relationship material.
1,02,0102,The One With the Sonogram at the End,1,3,2,3,Moderate — better for older kids / preteens,Carol's pregnancy from Ross; custody/relationship conflict.,Rachel and Barry's leftover wedding/affair context.,
1,03,0103,The One With the Thumb,1,2,1,2,Mild — okay for many kids with a parent,"Nudity & bodies — Monica: “Uh, no. Loosely translated 'We should do this again' means 'You will never see me naked'.”","Swearing — Chandler: “So I have a flaw! Big deal! Like Joey's constant knuckle-cracking isn't annoying? And Ross, with his over-pronouncing every single word? And Monica, with that snort when she laughs? I mean, what the hell is that thing?…”",
1,04,0104,The One With George Stephanopoulos,3,4,3,4,Strong — skip for little kids,"Sex & hookups — Chandler: “Excuse me, look, we've been here for over an hour, and a lot of people less sick than my friend have gone in. I mean, that guy with the toe thing? Who's he sleeping with?…”","Swearing — Phoebe: “Oh, wait, she's walking across the floor.. she's walking.. she's walking.. she's going for the pizza- (Yelling) Hey, that's not for you, bitch! (Phoebe covers her mouth with her hand walks away from the window.)”","Violence & death — Chandler: “(trying to stop Ross leaving) C'mon, Ross! You, me, Joey, ice, guys' night out, c'mon, whaddya say, big guy, (Pretending to punch him in the stomach.) Huh? Huh? Huh?”"
1,05,0105,The One With the East German Laundry Detergent,2,3,1,3,Moderate — better for older kids / preteens,"Sex & hookups — Rachel: “Well, not myself, but I know other people that have. Ok, you caught me. I'm a laundry virgin.”","Nudity & bodies — Ross: “Not that big a deal? It's amazing. Ok, you just reach in there, there's one little maneuver, and bam, a bra right out the sleeve. All right, as far as I'm concerned, there is nothing a guy can do that even comes close.…”",Swearing — Joey: “Bob? Who the hell's Bob?”
1,06,0106,The One With the Butt,1,4,2,4,Strong — skip for little kids,Joey's underwear modeling / 'day of the butt' body-objectifying plot.,Joey sleeps with an actress then discovers she's married.,
1,07,0107,The One With the Blackout,1,3,2,3,Moderate — better for older kids / preteens,Rachel and Italian neighbor almost kiss during blackout flirtation.,,
1,08,0108,The One Where Nana Dies Twice,1,4,1,4,Strong — skip for little kids,"Sex & hookups — [Scene: The Hospital, Mr. and Mrs. Geller are there, along with Aunt Lillian. Ross and Monica enter and everyone says hi and kisses.)",Nudity & bodies — Explicit body / sex-act language appears in dialogue.,"Alcohol / Drugs — They shake hands. Cut to Ross emerging from a hallway, grinning inanely. He is obviously very stoned"
1,09,0109,The One Where Underdog Gets Away,1,3,2,3,Moderate — better for older kids / preteens,Underpants-on-the-head running gag; Monica dates a younger guy jokes.,,
1,10,0110,The One With the Monkey,3,2,4,4,Strong — skip for little kids,"Sex & hookups — Joey: “I dunno. Some fat guy's sleeping with the store manager. He's not even jolly, it's all political.”","Nudity & bodies — Rachel: “Pheebs, I can't believe he hasn't kissed you yet. I mean God, by my sixth date with Paolo, I mean he had already named both my breasts! ...Ooh. Did I just share too much?”","Swearing — Chandler: “It's just that I'm sick of being a victim of this Dick Clark holiday. I say this year, no dates, we make a pact. Just the six of us- dinner.”"
1,11,0111,The One With Mrs. Bing,2,2,2,2,Mild — okay for many kids with a parent,"Sex & hookups — Rachel: “Oh, hi sweetie. (They kiss)”","Nudity & bodies — Phoebe: “Oh! And, he's the kinda guy who, when you're talking, he's listening, y'know, and not saying 'Yeah, I understand' but really wondering what you look like naked.”","Swearing — Chandler: “Yeah, well, you wouldn't think it was cool if you're eleven years old and all your friends are passing around page 79 of 'Mistress Bitch.'”"
1,12,0112,The One With the Dozen Lasagnas,1,4,2,4,Strong — skip for little kids,Rachel finds Barry and Mindy in her bed (affair reveal).,Heavy dating/sex-adjacent relationship comedy throughout.,
1,13,0113,The One With the Boobies,1,3,3,3,Moderate — better for older kids / preteens,"Sex & hookups — Joey: “That's right, mister, and I don't care how old you are, as long as you're under my roof you're gonna live by my rules. And that means no sleeping with your girlfriend.”","Nudity & bodies — Phoebe: “Yeah, 'cause hello, these are not her boobies, these are her breasts.”",Swearing — Mr. Tribbiani: “Just for a coupla days. I got a job midtown. I figure I'm better off staying with the kid than hauling my ass back and forth on the ferry. (Sees Roger) I don't know this one.”
1,14,0114,The One With the Candy Hearts,2,3,2,3,Moderate — better for older kids / preteens,"Sex & hookups — Rachel: “Pete the Weeper? Remember that guy who used to cry every time we had sex. (imitating) ""Was it good for you?""”","Nudity & bodies — Phoebe: “Or...or we can chant and dance around naked, you know, with sticks.”",Swearing — Ross: “Well maybe it's cold in there. Or maybe I screwed up the first date I had in 9 years.”
1,15,0115,The One With the Stoned Guy,1,3,2,3,Moderate — better for older kids / preteens,Joey wears all of Chandler's clothes as a bet; intimacy/roommate boundary jokes.,,
1,16,0116,"The One With Two Parts, part 1",1,4,1,4,Strong — skip for little kids,"Sex & hookups — Ross: “Okay, I’m gonna play my sperm card one more time.”",Nudity & bodies — Explicit body / sex-act language appears in dialogue.,"Violence & death — People start getting up. Ross grabs Carol’s doll to hold it upside down like a football, slapping it with his other hand."
1,17,0117,"The One With Two Parts, Part 2",2,3,2,3,Moderate — better for older kids / preteens,"Sex & hookups — Monica: “(as Rachel) Remember back in freshman year? (Talking fast before Rachel can catch her) Well, Billy Dreskin and I had sex on your bed.”",Nudity & bodies — Rachel: “(as Monica) I use my breasts to get other people's attention.”,"Swearing — Joey: “What can I do? Look, I don't want to do anything to screw it up with Ursula.”"
1,18,0118,The One With All The Poker,2,4,2,4,Strong — skip for little kids,Nudity & bodies — Explicit body / sex-act language appears in dialogue.,"Swearing — Monica: “Hell no, we'll pay!”","Alcohol / Drugs — Monica and Phoebe get up and start celebrating in the kitchen, pouring wine and singing. Rachel, shocked, goes to join them."
1,19,0119,The One Where the Monkey Gets Away,3,4,3,4,Strong — skip for little kids,"Sex & hookups — Joey: “I dunno, I loved high school. Y'know? It was just four years of parties and dating and sex.”",Nudity & bodies — Explicit body / sex-act language appears in dialogue.,"Swearing — Luisa: “Ah, it's not so much you, you were fat, you had your own problems. (To Rachel) But you? What a bitch!”"
1,20,0120,The One With the Evil Orthodontist,2,4,1,4,Strong — skip for little kids,"Sex & hookups — Monica: “You had sex in his chair?!... I said that a little too loudly, didn't I?”","Nudity & bodies — Phoebe: “How can people do that?... (All but Phoebe walk away from the window in disgust.) Oh, you guys, look! Ugly Naked Guy got gravity boots!”",Swearing — Chandler: “Hell is filled with people like you.”
1,21,0121,The One With The Fake Monica,2,1,2,2,Mild — okay for many kids with a parent,"Nudity & bodies — Fake Monica: “So once they caught on to the fact that we're, y'know, short and have breasts...”","Swearing — Fake Monica: “I thought that movie was so incredibly... boring. I mean, that thing at the end where the kid kills himself because he can't be in the play? What was that?!…”","Alcohol / Drugs — Scene: Monica and Rachel's, Rachel is dusting. She comes to the table, lifts all the magazines and wipes under them, then just puts them down again. Monica bursts in, obviously drunk."
1,22,0122,The One With the Ick Factor,1,3,2,3,Moderate — better for older kids / preteens,Sex & hookups — Ross: “I can't belive you two had sex in her dream.”,"Swearing — Rachel: “Well, you were pretty damn good.”","Violence & death — Ross: “Oh, Carol and I have a new system. If she punches in 911, it means she's having a baby, otherwise I just ignore it.”"
1,23,0123,The One With the Birth,1,3,2,3,Moderate — better for older kids / preteens,Rachel almost boards the plane for Italy with Paolo; romantic climax of S1.,,
1,24,0124,The One Where Rachel Finds Out,1,4,2,4,Strong — skip for little kids,Ross and Rachel almost get together; airport chase romance peak.,Sexual tension is the A-plot.,
2,01,0201,The One With Ross' New Girlfriend,2,2,2,2,Mild — okay for many kids with a parent,"Sex & hookups — Phoebe: “Oh, ok. How, it's been so long since you've had sex, you're wondering if they've changed it?”","Swearing — Phoebe: “(to Paulo) Ok, you're gonna have to not touch my ass.”",
2,02,0202,The One With the Breast Milk,1,3,2,3,Moderate — better for older kids / preteens,Breastfeeding / milk jokes around Carol and Susan's baby.,,
2,03,0203,The One Where Mr. Heckles Dies,2,3,2,3,Moderate — better for older kids / preteens,Joey in a 'period' movie role; mild crude jokes.,,
2,04,0204,The One With Phoebe's Husband,1,5,3,5,Heavy — not kid-friendly,Phoebe reveals she is married; husband is gay — adult marriage/sexuality plot.,Dialogue includes porn-video and explicit sex references.,
2,05,0205,The One With Five Steaks and an Eggplant,2,4,1,4,Strong — skip for little kids,"Sex & hookups — JADE: “Hello, I'm looking for Bob. This is Jane. I don't know if you're still at this number, but I was just thinking about us, and how great it was, and, well, I know it's been three years, but, I was kinda hoping we could…”",Nudity & bodies — JADE: “I got a little drunk...and naked.”,Alcohol / Drugs — JADE: “I got a little drunk...and naked.”
2,06,0206,The One With the Baby on the Bus,3,3,2,3,Moderate — better for older kids / preteens,"Sex & hookups — PHOEBE: “No. This whole like playing-for-money thing is so not good for me. You know, I don't know, when I sang ""Su-Su-Suicide"", I got a dollar seventy-five. But then, ""Smelly Cat"", I got 25 cents and a condom.…”",Swearing — CHANDLER: “What kind of scary-ass clowns came to your birthday?”,"Violence & death — ROSS: “Well, there's no way I'm gonna get a shot. Maybe they can take the needle and thquirt it into my mouth, you know, like a thquirt gun.”"
2,07,0207,The One Where Ross Finds Out,1,4,2,4,Strong — skip for little kids,Ross and Rachel sleep together for the first time (morning-after episode).,,
2,08,0208,The One With the List,1,3,2,3,Moderate — better for older kids / preteens,List of Rachel's flaws; relationship fallout after first night together.,,
2,09,0209,The One With Phoebe's Dad,1,4,3,4,Strong — skip for little kids,Phoebe's fake name / 'Regina Phalange' doctor flirting; sexual innuendo with patient roleplay vibe.,Chandler and Janice sex life jokes.,
2,10,0210,The One With Russ,1,4,1,4,Strong — skip for little kids,"Sex & hookups — ESTL: “Oh, I see. Well, I'm just gonna put in a call here and we'll find out what's goin' on and straighten it out. [picks up the phone] Yeah, hi, Lori please. [pause] Hi darling.…”","Nudity & bodies — PHOE: “Although, you know what? You might want to consider wearing underwear next time. Yeah, cause when you sat down on your throne you could kind of see your... royal subject.”","Swearing — RACH: “Phoebe, what the hell are you talking about? Other than their names being similar, I'm sorry, I do not see what you're seeing.”"
2,11,0211,The One With the Lesbian Wedding,2,4,2,4,Strong — skip for little kids,"Sex & hookups — MR A: “Oh, wait, I remember, she also said she wanted to sleep with me one last time.”",Nudity & bodies — Explicit body / sex-act language appears in dialogue.,"Swearing — RACHEL: “I know, but it's just it's the first time, and I just don't want her to think that because I didn't marry Barry, that my life is total crap, you know?”"
2,12-13,0212-0213,The One After the Superbowl,1,3,2,3,Moderate — better for older kids / preteens,Super Bowl party; Eddie's creepy roommate energy.,Romantic tension and adult party drinking.,
2,14,0214,The One With the Prom Video,1,3,2,3,Moderate — better for older kids / preteens,Joey dates a student; age-gap dating discomfort.,,
2,15,0215,The One Where Rachel and Ross... You Know,1,1,3,3,Moderate — better for older kids / preteens,Sex & hookups — RACHEL: “OK. [they go to kiss but everyone's watching so Ross just kisses her on the top of her head and leaves]”,"Swearing — ROSS: “This screen is amazing, I mean Dick Van Dyke is practically life-size.”","Alcohol / Drugs — DR. BURKE: “OK. You better. Oh God, here we go. Hey wanna see 'em go nuts? Watch this. [grabbing some wine glasses and opening the door to the party] Who needs glasses? [everyone laughs]”"
2,16,0216,The One Where Joey Moves Out,2,2,2,2,Mild — okay for many kids with a parent,Sex & hookups — MRS. GELLER: “[they start kissing] Oh Jack stop.”,"Nudity & bodies — FRIEND: “She's probably not even very pretty, just young enough so that everything is still pointing up. [Monica folds her arms over her breasts]”","Swearing — JOEY: “Alright, you're on. I can take two minutes out of my day to kick your ass.”"
2,17,0217,The One Where Eddie Moves In,1,1,2,2,Mild — okay for many kids with a parent,Swearing — MONICA: “Yeah. You're just gonna have to stop pissing me off.”,,
2,18,0218,The One Where Dr. Remore Dies,1,3,2,3,Moderate — better for older kids / preteens,Dr. Green and Rachel's dad conflict; adult relationship stress.,,
2,19,0219,The One Where Eddie Won't Go,1,1,2,2,Mild — okay for many kids with a parent,"Swearing — EDDIE: “So I got it in the junior miss department, big diff. Anyway check it out man, it's gonna make a hell of a conversation piece at out next cocktail party, huh pal?”","Alcohol / Drugs — PHOEBE: “Oh yes. Oh and, the part about how they're always like drinking from out pool of inner power, but God forbid we should take a sip.”",
2,20,0220,The One Where Old Yeller Dies,3,2,1,3,Moderate — better for older kids / preteens,"Sex & hookups — ROSS: “Well, I'm gonna kiss you.”","Nudity & bodies — JOEY: “Ya know, one of these times you're gonna really be naked and we're not gonna come over.”","Swearing — ROSS: “[enters] Ok, what the hell happened back there?”"
2,21,0221,The One With the Two Bullies,3,1,2,3,Moderate — better for older kids / preteens,Swearing — BIG BULLY: “The guy that's about to kick your ass talks like that.”,"Violence & death — JOEY: “Yeah really, Ross, have you ever been beaten up before?”","Alcohol / Drugs — JOEY: “Monica, relax, go get a beer.”"
2,22,0222,The One With the Two Parties,2,2,3,3,Moderate — better for older kids / preteens,Sex & hookups — they kiss and Ross backs her into her apartment and turns on the lights,"Nudity & bodies — Scene: Moondance Diner. Ross, Phoebe, Joey, and Chandler are sitting at the counter, Monica is working. Monica is wearing her costume, including big fake breasts.","Swearing — RACHEL: “Ya know, I just, so weird. I mean I was in there just listening to them bitch about each other and all I kept thinking about was the fourth of July.”"
2,23,0223,The One With the Chicken Pox,1,3,2,3,Moderate — better for older kids / preteens,Richard proposes waiting on kids; Monica/Richard breakup (adult themes).,,
2,24,0224,The One With Barry and Mindy's Wedding,1,4,2,4,Strong — skip for little kids,Monica and Richard's age-gap relationship ends; sexual history implied.,Ross sees Rachel kiss in the next beat setup.,
3,01,0301,The One With the Princess Leia Fantasy,1,4,2,4,Strong — skip for little kids,Ross sees Rachel kissing Mark — jealousy/affair anxiety drives the hour.,,
3,02,0302,The One Where No-one's Ready,1,3,2,3,Moderate — better for older kids / preteens,Ross and Rachel officially break up; 'we were on a break' begins.,,
3,03,0303,The One With the Jam,2,4,1,4,Strong — skip for little kids,"Sex & hookups — Monica: “(entering from her bedroom) Okay, sperm donor number 03815, come on down! Okay, he's 6'2"", 170 pounds, and he describes himself as a male Geena Davis.”","Nudity & bodies — Chandler: “Hey, Joe, I gotta ask. The girl from the Xerox place buck naked (holds up one hand), or, or a big tub of jam. (holds up the other hand)”",
3,04,0304,The One With The Metaphorical Tunnel,1,3,2,3,Moderate — better for older kids / preteens,Phoebe finds out her mother killed herself (heavy emotional content; not sex/violence).,,
3,05,0305,The One With Frank Jr.,2,4,2,4,Strong — skip for little kids,"Sex & hookups — Chandler: “Well, we have a deal, where we each get to pick five celebrities that we can sleep with, and the other one can’t get mad.”","Swearing — Frank: “Oh, wait, no your right, no it was perfect and I can’t believe that I screwed it up so bad.”","Alcohol / Drugs — Joey: “Well, you should’ve told me that before, I’m not a mind reader. Hey, we’re out of beer. I’m going to Monica’s.”"
3,06,0306,The One With The Flashback,2,4,1,4,Strong — skip for little kids,Sex & hookups — Main-cast women kissing is used as a sitcom gag.,Nudity & bodies — Explicit body / sex-act language appears in dialogue.,"Porn / strippers — Eric: “Oh, yeah, during the summer, I spend most weekends at my sister’s beach house, which you are welcome to use by the way. Although, I should probably tell you, she’s a porn star. (Chandler breaks his pencil in half)”"
3,07,0307,The One With the Race Car Bed,2,2,2,2,Mild — okay for many kids with a parent,Sex & hookups — Ross: “Y’know your probably not allowed to sleep with any of your students.”,Swearing — Chandler: “You totally screwed him over.”,Violence & death — Ross: “Okay! (picks up a knife and pretends to stab his heart.)”
3,08,0308,The One With The Giant Poking Device,3,3,2,3,Moderate — better for older kids / preteens,"Sex & hookups — Ross: “Thanks, Gunther. (takes the plate Gunther serves him and Rachel comes up and kisses him) (to Rachel) Hey! (to Gunther) Umm, can I get a napkin too?”",Nudity & bodies — Joey: “(looking out the window) Ewww! Ugly Naked Guy is using his new hammock. It’s like a Play-Doo Fat Factory.”,Swearing — Rachel: “I hope it’s still funny when you’re in hell.”
3,09,0309,The One With The Football,1,4,3,4,Strong — skip for little kids,Ross sleeps with Chloe the copy-shop woman while 'on a break.',,
3,10,0310,The One Where Rachel Quits,2,1,2,2,Mild — okay for many kids with a parent,Swearing — Ross: “That’s crap!! Sister Brown Bird. (to Elizabeth) Good going. (does the salute)”,"Alcohol / Drugs — Chandler: “Well seeing that drunk Santa wet himself, really perked up my Christmas.”",
3,11,0311,The One Where Chandler Can’t Remember Which Sister,1,3,2,3,Moderate — better for older kids / preteens,Rachel learns about Chloe; confrontation after the affair.,,
3,12,0312,The One With All The Jealousy,1,4,2,4,Strong — skip for little kids,All-out Ross/Rachel fight over the break and Chloe.,,
3,13,0313,The One Where Monica and Richard Are Friends,2,3,1,3,Moderate — better for older kids / preteens,"Sex & hookups — Monica: “We’re not gonna have sex! Okay, nothing’s changed here. He still doesn’t want children and I still do, so that’s why we’re just gonna be friends.”",Nudity & bodies — Richard: “You’ve got panties stuck to your leg.”,"Porn / strippers — Monica: “You see that guy? He’s in classics now, but y'know as soon as we leave he’s going straight to the porn.”"
3,14,0314,The One With Phoebe’s Ex-Partner,1,2,4,4,Strong — skip for little kids,"Sex & hookups — Scene: A street, Chandler is kissing Ginger.","Nudity & bodies — Chandler: “It’s kinda a ah, a third nipple kinda thing.”",Swearing — Phoebe: “Okay. (singing) ‘Jingle bitch screwed me over! Go to hell jingle whore! Go to hell Go to hell. Go to hell-hell-hell.’ That’s all I have so far.”
3,15,0315,The One Where Ross and Rachel Take A Break,1,3,2,3,Moderate — better for older kids / preteens,Ross dates a woman who looks like Rachel; rebound dating comedy.,,
3,16,0316,The One The Morning After,2,3,2,3,Moderate — better for older kids / preteens,Chandler and Joey fight over a girl; competitive dating.,,
3,17,0317,The One Without The Ski Trip,2,3,2,3,Moderate — better for older kids / preteens,"Sex & hookups — Rachel: “Oh, I’m sorry, were you speaking to me or sleeping with someone else?”","Nudity & bodies — Joey: “Rach, it’s, it’s ah, it’s not that we don’t want to, really. (quietly) Are we talking models in their underwear?”","Swearing — Chandler: “Okay, now let’s decide who has the nicest ass.”"
3,18,0318,The One With The Hypnosis Tape,2,3,3,3,Moderate — better for older kids / preteens,"Sex & hookups — Joey: “Look, the point is, there’s a lot of women out there you haven’t even had sex with yet!”","Nudity & bodies — Phoebe: “All right, y'know forget hypnosis. The way to quit smoking is you have to dance naked in a field of heather, and then bath in the sweat of six healthy young men.”","Swearing — Joey: “So, we’re walking down the street and I turn to you and I say, “Hey, let’s go hang out at Totally Nude Nudes,” remember? And then, and then, you turn to me and say, “Nah, let’s just hang out at your place.” Well, that…”"
3,19,0319,The One With The Tiny T-shirt,2,1,3,3,Moderate — better for older kids / preteens,"Sex & hookups — Monica: “All right then. (He leans in to kiss her goodnight, but she quickly kisses him on the cheek and pats his shoulder.) Bye.”","Swearing — Joey: “Oh, hey, how about this one. Ah, it’s says so in the script! Y'know ah, I-I don’t know why my character likes you either, I mean it says in the script here that you’re a bitch.”",Violence & death — Phoebe: “Okay. All right you yellow-bellied-lilly-livered-DRAW!! (they both kick up the foot rests like an old fashioned gun fight.)”
3,20,0320,The One With The Dollhouse,1,2,2,2,Mild — okay for many kids with a parent,"Sex & hookups — Kate: “Look umm, I, I was, I was just caught up in the moment. That’s all it was. Joey, I’m-I’m sorry you feel bad, but haven’t you ever sleep with a women where it meant more to her than it did to you?”","Nudity & bodies — Rachel: “Okay, you are going to tell her and you’re going to tell her now. (She grabs his nipple and starts to twist it.)”","Swearing — Monica: “Oh, she was a cruel, cranky, old bitch! (Ross gives her a look) (to Ross) And I’m sorry she died. Did Dad say I get the dollhouse?”"
3,21,0321,The One With A Chick. And A Duck,1,3,2,3,Moderate — better for older kids / preteens,Pete proposes to Monica; adult relationship pressure.,,
3,22,0322,The One With The Screamer,3,2,2,3,Moderate — better for older kids / preteens,Pete's cage-fighting / MMA plot — sport violence on screen.,,
3,23,0323,The One With Ross's Thing,2,4,3,4,Strong — skip for little kids,"Sex & hookups — Monica: “Y'know when girls sleep with guys with weird things on their body, they tell their friends about it.”","Nudity & bodies — Chandler: “Y'know what? You should go to my guy, because when I went in there with my third nipple. He just lopped it right off. Y'know? So I guess I'm lucky. I mean not as lucky as people who were born with two nipples.”","Swearing — Chandler: “(comforting the duck) Everything’s gonna be all right. Okay, Dick?”"
3,24,0324,The One With The Ultimate Fighting Champion,3,2,3,3,Moderate — better for older kids / preteens,"Sex & hookups — Robin: “I have a feelin’... I, my wife is sleeping with her gynaecologist.”","Swearing — Robin: “(starting to cry) Ooh, (to Rachel) Can I have a napkin, please? Could you please hand me a napkin? (Rachel tries to grab one, but is to slow for his tastes.) Would you--Give me this thing (grabs the napkin holder from…”","Violence & death — Chandler: “Thank you! Today, my boss keep slapping my butt and he was acting like it was no big deal.”"
3,25,0325,The One At The Beach,1,4,2,4,Strong — skip for little kids,Monica and Richard almost reconnect; sexual tension returns.,Ross's relationship with Bonnie (bald girlfriend) jokes.,
4,01,0401,The One With The Jellyfish,3,2,2,3,Moderate — better for older kids / preteens,"Sex & hookups — Joey: “(voice-over) Oh-oh! And then Ross’s new girlfriend, Bonnie, shows up and Rachel convinced her to save her head. And then Ross and Rachel kiss, and now Ross has to choose between Rachel and the bald girl and I don’t…”","Nudity & bodies — Chandler: “We were playing Gin? Y'know if we were a couple, we could play this game naked.”",Swearing — Monica: “Oh damn the jellyfish. Damn all the jellyfish!”
4,02,0402,The One With The Cat,1,3,2,3,Moderate — better for older kids / preteens,Sex & hookups — Rachel: “(interrupting) I bet he sensed that I was ready to have sex with another guy.”,"Nudity & bodies — Chip: “Yeah, they still wear underwear.”","Swearing — Phoebe: “(screaming, angrily) ...DUMB, DRUNKEN, BITCH!!! (applause) (happily) Thank you, thanks.”"
4,03,0403,The One With The ‘Cuffs,2,3,3,3,Moderate — better for older kids / preteens,"Sex & hookups — Mrs. Geller: “Oh, well Richard raved about the food at his party, of course you were sleeping with him. Then I heard the food at that lesbian wedding was very nice, I assume you weren’t sleeping with anybody there.…”",Nudity & bodies — Chandler: “When I walk outside naked people throw garbage at me.”,Swearing — Mrs. Geller: “(interrupting) A bitch?”
4,04,0404,The One With The Ballroom Dancing,2,3,3,3,Moderate — better for older kids / preteens,"Sex & hookups — Chandler: “Yeah, it was time. The old condom ring in the leather just doesn’t say ‘cool’ anymore.”",Nudity & bodies — Chandler: “No! I want a flabby gut and saggy man breasts!”,"Swearing — Mr. Treeger: “: I’m sure as hell a dancer, it’s no use Marge will never go for me.”"
4,05,0405,The One With Joey's New Girlfriend,2,3,1,3,Moderate — better for older kids / preteens,"Sex & hookups — Rachel: “Ross, you guys went out once. You took your kids to Chucky Cheese, and you didn't even kiss her.”","Nudity & bodies — Kathy: “Ohh, God, guys, check it out, you can see that girl's underwear!”","Swearing — Chandler: “Okay, what do you saw I go over there and say how much I like her? (Joey gives him a thumbs up) No-no it'll be good, I can tell her much I've been thinking about her.…”"
4,06,0406,The One With The Dirty Girl,2,1,3,3,Moderate — better for older kids / preteens,"Sex & hookups — Scene: Outside Cheryl's apartment, Ross and Cheryl are kissing","Swearing — Monica: “Probably the only time I'll ever say this, but did you see the ass on her?”",
4,07,0407,The One Where Chandler Crosses a Line,2,3,2,3,Moderate — better for older kids / preteens,Sex & hookups — Joey: “And what?! Did you sleep with her?!”,Nudity & bodies — Chandler: “(entering in a bathrobe) I just walked in the bathroom and saw Kathy naked! It was like torture!”,Swearing — Monica: “You obviously haven’t screwed over a lot of your friends. (They all look at her) Which we all appreciate.”
4,08,0408,The One With Chandler in a Box,1,4,3,4,Strong — skip for little kids,Chandler and Kathy: Joey's girlfriend kiss / cheating triangle.,,
4,09,0409,The One Where They’re Gonna PARTY!,1,4,2,4,Strong — skip for little kids,Chandler sleeps with Kathy after the triangle blows up.,,
4,10,0410,The One With The Girl From Poughkeepsie,1,1,4,4,Strong — skip for little kids,"Sex & hookups — Chandler: “Oh, it doesn’t matter. (Kisses her on the top of her head.) Hey, y’know what, I’ve got two tickets to tonight’s Rangers game, you wanna come with me?”","Nudity & bodies — Joey: “You got it! Oh-oh! (He starts patting the burned spot, which just happens to be over her breast.)”","Swearing — Monica: “I thought I was making headway, everyone was smiling at me all day, I get off work and I find out that they wrote this (puts on her chef hat) on my chef’s hat. (The hat says ‘Quit, bitch’)”"
4,11,0411,The One With Phoebe’s Uterus,1,3,2,3,Moderate — better for older kids / preteens,Phoebe carries her brother's triplets — pregnancy is medical/adult.,,
4,12,0412,The One With The Embryos,1,4,3,4,Strong — skip for little kids,Everyone finds out Monica and Chandler are secretly sleeping together.,,
4,13,0413,The One With Rachel’s Crush,1,4,2,4,Strong — skip for little kids,Chandler spirals after thinking Kathy is sleeping with her co-star.,Ross jokes about 'cookies and porn' while his mom visits.,
4,14,0414,The One With Joey’s Dirty Day,2,5,3,5,Heavy — not kid-friendly,Joey's bachelor-party / strip-club day after a dirty movie role.,Multiple strippers; 'get drunk and go to a strip club' is the plot.,
4,15,0415,The One With All The Rugby,1,3,2,3,Moderate — better for older kids / preteens,Joey's porn-adjacent 'Days of Our Lives' storyline vibes; adult soap plots.,,
4,16,0416,The One With The Fake Party,2,3,1,3,Moderate — better for older kids / preteens,Sex & hookups — Ross: “Bye. (They kiss.)”,"Nudity & bodies — Joey: “Oh! I know how you can get him, take off your bra.”","Violence & death — Phoebe: “Y’know it doesn’t matter how much I’m craving it. Y’know why I’m never gonna eat meat? Because it’s murder, cold blooded murder.”"
4,17,0417,The One With The Free Porn,1,5,2,5,Heavy — not kid-friendly,Central joke: free porn channel they can't (won't) turn off.,Phone-sex / porn-addiction comedy throughout.,
4,18,0418,The One With Rachel’s New Dress,1,3,2,3,Moderate — better for older kids / preteens,Rachel's messy romantic jealousy around Joshua.,,
4,19,0419,The One With All The Haste,1,4,2,4,Strong — skip for little kids,Monica and Rachel offer to kiss each other for one minute so the guys will give back the apartment.,Time-lapse beat: the guys take the deal — 'Totally worth it!' / 'That was one good minute!',"Classic male-gaze 'girls kissing' sitcom gag; not the whole episode, but a clear adult beat."
4,20,0420,The One With All the Wedding Dresses,1,3,2,3,Moderate — better for older kids / preteens,Joey in a European art film with a nude actress — nudity/sex-work adjacent jokes.,,
4,21,0421,The One With The Invitation,2,1,2,2,Mild — okay for many kids with a parent,Sex & hookups — Rachel stands up and kisses Ross. He is stunned. A moment of silence follows.,Nudity & bodies — Joey: “It’s better! You can’t go to a museum in your underwear!”,"Swearing — Chandler: “And we just sit here. I mean if I die the only way people would even know I was here, would be by the ass print on this chair! Look, we have to do something. Okay? Something huge!”"
4,22,0422,The One With The Worst Best Man Ever,1,5,3,5,Heavy — not kid-friendly,Joey hires a stripper for Ross's bachelor party; stripper chaos.,Stripper plot dominates the episode.,
4,23,0423,The One With Ross’s Wedding Parts I and II,1,4,2,4,Strong — skip for little kids,London wedding; Monica and Chandler hook up (secret affair starts).,Ross's wedding drunkenness and cold feet.,
5,01,0501,The One After Ross Says Rachel,1,4,3,4,Strong — skip for little kids,Ross says Emily's name at the altar — wedding disaster.,Monica/Chandler continue secret sex relationship.,
5,02,0502,The One With All The Kissing,1,3,2,3,Moderate — better for older kids / preteens,Aftermath of the wedding; Monica/Chandler hide the affair.,,
5,03,0503,The One Hundredth,1,3,2,3,Moderate — better for older kids / preteens,Everyone learns Monica and Chandler are together.,,
5,04,0504,The One Where Phoebe Hates PBS,2,3,2,3,Moderate — better for older kids / preteens,"Sex & hookups — Monica: “All right, let me see. (She grabs the 8 ball.) Will Chandler have sex tonight? (Reads the answer.) Don't count on it. Seems like it works to me.”","Swearing — Ross: “I told her I'd have to think about it. I mean, how the hell am I supposed to make this kind of a decision? (They're all quiet.) I'm actually asking you!”","Alcohol / Drugs — Chandler: “(entering, happily, with a bottle of champagne, thinking that Monica is the only one there) Ha-ha-ha-(sees everyone)-enh-enh. I'm so glad you guys are all here! My office finally got wrinkle free fax paper!”"
5,05,0505,The One With All the Kips,2,3,3,3,Moderate — better for older kids / preteens,Sex & hookups — Joey: “'Cause I figured you'd hooked up with some girl and she'd left it there.”,"Nudity & bodies — Chandler: “I know, me too. Hey! Y'know what if we went away for a whole weekend? Y'know we'd have no interruptions and we could be naked the entire time.”","Swearing — Monica: “Hey, Joey's ass! What are you doing?”"
5,06,0506,The One With The Yeti,1,1,2,2,Mild — okay for many kids with a parent,"Nudity & bodies — Ross: “Hey! Hey, look! Ugly Naked Guy's back!”","Swearing — Rachel: “(proud of herself) Yeah, I-I-I just pulled the tab and I just fogged his yeti ass!”","Alcohol / Drugs — Ross: “Unreasonable? How about we have this conversation when one of you guys gets married! You have no idea what it takes to make a marriage work! All right, it's about compromise! Do you always like it? No!…”"
5,07,0507,The One Where Ross Moves In,2,2,2,2,Mild — okay for many kids with a parent,"Sex & hookups — Rachel: “No, I have to go downstairs and come back up as if I'm coming home from the regatta gala. Okay? So just go distract him. But don't be sexy.”",Nudity & bodies — Chandler: “Are you looking at naked tribe's women?”,"Porn / strippers — Joey: “Um-hmm! Look, I-I-I don't know how much more of this I can take! Did you know he taped over my Baywatch tape with some show about bugs! My God! What if that had been porn?”"
5,08,0508,The One With The Thanksgiving Flashbacks,1,3,2,3,Moderate — better for older kids / preteens,"Thanksgiving flashbacks include Monica's fat suit and Chandler's insult that shapes her life — body image, not sex.",,
5,09,0509,The One With Ross's Sandwich,1,4,2,4,Strong — skip for little kids,Ross and Emily's annulment; romantic/sexual relationship bureaucracy.,,
5,10,0510,The One With The Inappropriate Sister,3,2,3,3,Moderate — better for older kids / preteens,"Sex & hookups — Chandler runs out the door and closes it behind him. After a short pause the door opens and Chandler comes rushing back through, grabs Monica, kisses her good-bye, and heads back out.","Porn / strippers — Estelle: “Well, you’re just going to say no again but...gay porn.”","Swearing — Phoebe: “Fine. (She hands her bell to Ginger and starts to take down her signs.) (The same old lady walks by again.) All right, I'll give you one pointer. Look out for that bitch. (The old lady.)”"
5,11,0511,The One With All The Resolutions,2,1,3,3,Moderate — better for older kids / preteens,"Sex & hookups — Chandler: “We wanted to kiss at midnight, but nobody else is going to so y'know…”",Nudity & bodies — She puts her hands over her breasts and indicates that the coworkers boob job resulted in one pointing up and one pointing down with her hands by pointing up with one hand and down with the other.,Swearing — Jay Leno: “(On TV to Dick Clark) Is there any entertainment there? What are people doing?”
5,12,0512,The One With Chandler's Work Laugh,1,3,2,3,Moderate — better for older kids / preteens,Chandler's dad Bob/Helena — drag & Las Vegas showgirl parent; queer/adult nightlife jokes.,,
5,13,0513,The One With Joey's Bag,1,3,2,3,Moderate — better for older kids / preteens,Sex & hookups — Joey: “Maybe you need sex. I had sex a couple days ago.”,"Nudity & bodies — Rachel: “Okay now Joey, y'know that since you're returning all of this stuff right after the audition you're gonna have to wear underwear?”","Swearing — Chandler: “Look, for the first time in my life I'm in a real relationship. Okay, I'm not gonna screw that up by y'know, telling the truth.”"
5,14,0514,The One Where Everyone Finds Out,1,4,3,4,Strong — skip for little kids,Rachel writes a steamy letter to Ross; sexual fantasy content read aloud.,,
5,15,0515,The One With The Girl Who Hits Joey,3,1,2,3,Moderate — better for older kids / preteens,"Sex & hookups — Chandler: “(To Monica) Wow! Listen, we had a good run. What was it? Four? Five months? I mean, that's more than most people have in a lifetime! So, good-bye, take care, bye-bye then!…”",Swearing — Ross: “What the hell are doing?!!”,Violence & death — Joey: “(shyly) She keeps punching me.”
5,16,0516,The One With A Cop,1,3,2,3,Moderate — better for older kids / preteens,Rachel and Ralph Lauren guy; dating comedy.,,
5,17,0517,The One With Rachel's Inadvertant Kiss,2,4,2,4,Strong — skip for little kids,Sex & hookups — Joey: “Did you tell the guy you wanted to have sex with his wife and then fall right out of your chair?”,"Nudity & bodies — Joey: “Boy, that guy's underwear sucks!”","Swearing — Chandler: “Little?! You freaked out big time! Okay? And I fixed it! We have switched places! I am the relationship and king and you are the crazy, irrational screw up!…”"
5,18,0518,The One Where Rachel Smokes,1,3,2,3,Moderate — better for older kids / preteens,Rachel and Joey's kiss setup begins (later payoff).,,
5,19,0519,The One Where Ross Can't Flirt,3,2,2,3,Moderate — better for older kids / preteens,"Sex & hookups — Chandler: “Okay, I've already taught you so much already, but whatever. See when you flirt with a guy you think, ""I'm just flirting, no big deal."" But the guy is thinking, ""Finally! Somebody who wants to sleep with me!""”","Swearing — Chandler: “Oh, he's in the back. The duck pissed him off, said that eggs came first.”",Violence & death — Joey has made a little home movie that's his big scene. He braces himself against the door to his apartment and while holding a plastic gun and wearing the same sweater says…
5,20,0520,The One With The Ride Along,1,3,2,3,Moderate — better for older kids / preteens,Joey and Katie Holmes character — dating a younger actress jokes.,,
5,21,0521,The One With The Ball,1,3,2,3,Moderate — better for older kids / preteens,Andie MacDowell arc; Ross's rebound dating.,,
5,22,0522,The One With Joey's Big Break,2,3,3,3,Moderate — better for older kids / preteens,Sex & hookups — Phoebe: “Who would you rather sleep with Monica or Rachel?”,Porn / strippers — Chandler: “That's a good idea. I wonder where I could (Pause) get a basket of porn…”,"Swearing — Phoebe: “(quietly) Bye, fat ass.”"
5,23,0523,The One In Vegas,1,4,3,4,Strong — skip for little kids,Las Vegas: Ross and Rachel drunkenly marry.,Strip-club / casino adult party atmosphere.,
6,01,0601,The One After Vegas,1,4,2,4,Strong — skip for little kids,Ross and Rachel wake up married in Vegas — sex/alcohol implication.,,
6,02,0602,The One Where Ross Hugs Rachel,2,2,2,2,Mild — okay for many kids with a parent,"Sex & hookups — Joey: “So, Ross and Rachel got married, Monica and Chandler almost got married, do you think you and I should hook up?”",Swearing — Rachel: “(grabbing the star) What the hell is that?”,"Violence & death — Ross: “(interrupting) No! No, I won’t! I’ll be at the bottom of the dating barrel now. The only guys below me will be Four Divorce Guy uh, Murderer Guy, and-and, Geologists.”"
6,03,0603,The One With Ross’s Denial,3,3,1,3,Moderate — better for older kids / preteens,"Sex & hookups — Rachel: “Oh, I have to go tell Monica what a wonderful brother she has! (Kisses him on the cheek and exits.)”","Nudity & bodies — Joey: “Yeah, why don’t you move in with me? It’ll be great! We could stay up late, watch movies, and you know about Naked Thursday’s right?”","Violence & death — Fighting, weapons, or death talk."
6,04,0604,The One Where Joey Loses His Insurance,2,3,3,3,Moderate — better for older kids / preteens,"Sex & hookups — Ross: “I knew all I had to do was let the material speak for itself. Everyone’s all, ""Ross you have to be funny and sexy."" Well, I proved them wrong! And now, I’m gonna pass the news onto Joey and Chandler.”","Nudity & bodies — Joey: “(interrupting him) Uh Ross! Are there uh, are there naked chicks on that piece of paper?”",Swearing — Phoebe: “(To Ross) Saved your ass.”
6,05,0605,The One With Joey’s Porsche,1,3,2,3,Moderate — better for older kids / preteens,Joey's 'hot' apartment neighbor / seduction attempts.,,
6,06,0606,The One The Last Night,2,2,2,2,Mild — okay for many kids with a parent,"Sex & hookups — Rachel: “""Oh my God, I can’t find a boyfriend! So I guess I’ll just stumble across the hall and sleep with the first guy I find in there!""”",Swearing — Joey: “Damn! I am good at Cups!”,"Alcohol / Drugs — Scene: Rachel’s bedroom, Rachel is entering carrying two glasses of wine. She gives one to Phoebe, keeps one, and completely ignores Monica."
6,07,0607,The One Where Phoebe Runs,1,3,2,3,Moderate — better for older kids / preteens,Paul the wine guy / Rachel's dating; impotence jokes in related arcs nearby seasons.,,
6,08,0608,The One With Ross’s Teeth,1,3,2,3,Moderate — better for older kids / preteens,Monica's parents learn about Chandler; adult partnership talk.,,
6,09,0609,The One Where Ross Got High,2,2,2,2,Mild — okay for many kids with a parent,"Ross's sandwich rage — workplace anger meltdown (comic, not graphic).",,
6,10,0610,The One With The Routinue,1,1,4,4,Strong — skip for little kids,"Sex & hookups — Chandler: “Ah, you’re still just a little fat girl inside aren’t you? (He kisses her on the cheek)”",Swearing — Janine: “I just got a call to be a dancer on a television special for New Year’s Eve. It’s called some sort of Dick’n Rock’n Dickie Eve.”,"Alcohol / Drugs — Ross: “Wow, Monica’s letting other people help decorate her tree! Did someone get her drunk again or?”"
6,11,0611,The One With The Apothecary Table,2,1,1,2,Mild — okay for many kids with a parent,"Sex & hookups — Joey: “Well all right then, I guess I shouldn’t get to excited about the fact (excitedly) that I just kissed her!”","Alcohol / Drugs — Joey: “Oh, but hey look, at least let us bring the wine.”",
6,12,0612,The One With The Joke,1,2,1,2,Mild — okay for many kids with a parent,"Sex & hookups — Ross: “Well, I was going to stick it in the ATM, but now I think I’ll show the sexy teller that I am a published writer.”","Nudity & bodies — Joey: “Whoa-whoa-whoa. Jokes? You guys know they have naked chicks in there, right?”",
6,13,0613,The One With Rachel’s Sister,1,4,3,4,Strong — skip for little kids,Sex & hookups — Chandler: “Don’t take this personally okay? It’s just that I just can’t have sex with a sick person.”,"Nudity & bodies — To start this task, she lowers the top of her robe to reveal that she is naked from the waist up, well at least her back is, and starts to rub on the gunk. Chandler notices this, and has something start happening.…","Slut-shaming — Rachel: “Yeah well, I’m-I’m a slut.”"
6,14,0614,The One Where Chandler Can’t Cry,1,4,2,4,Strong — skip for little kids,Adult sexuality jokes run through side plots (high sex-term density in dialogue).,Joey/Thanksgiving turkey slapstick is mild by comparison.,
6,15-16,0615-0616,The One That Could Have Been,1,3,2,3,Moderate — better for older kids / preteens,Proposal episode — romantic climax; adult commitment themes.,,
6,17,0617,The One With The Unagi,3,3,3,3,Moderate — better for older kids / preteens,"Sex & hookups — Joey: “No-no! I used to get paid for all kinds of medical stuff, remember? Let’s see uh, well I don’t want to donate sperm again. (To Ross) I really prefer doing that at the home office y’know?…”","Nudity & bodies — Joey: “And of course, crotchless panties.”","Swearing — Phoebe: “Now, we can kick anybody’s ass!”"
6,18,0618,The One Where Ross Dates A Student,1,3,2,3,Moderate — better for older kids / preteens,Ralph Lauren underwear campaign; body/sex-appeal comedy.,,
6,19,0619,The One With Joey’s Fridge,1,4,2,4,Strong — skip for little kids,Joey and Rachel almost kiss; sexual tension becomes explicit plot.,,
6,20,0620,The One With Mac and C.H.E.E.S.E.,3,2,3,3,Moderate — better for older kids / preteens,Sex & hookups — Joey: “And what?! Did you sleep with her?!”,Nudity & bodies — Chandler: “(looks down at his clothes) Am I naked again?!”,"Swearing — Phoebe: “(interrupting) No, I mean I was really acting my ass off.”"
6,21,0621,The One Where Ross Meets Elizabeth’s Dad,2,3,3,3,Moderate — better for older kids / preteens,Sex & hookups — Monica: “Yeah! That’s why I’m sleeping with him on the side.”,"Porn / strippers — Joey: “But I got to act with a robot Pheebs, and-and I don’t know anything about technology! I can’t even use Chandler’s computer except to find porn! And-and that’s only ‘cause it’s right there when you turn it on!”","Swearing — Monica: “No sweetie, you’ve got to win over the guy that controls C.H.E.E.S.E.! You’ve got to kiss some serious robot ass!”"
6,22,0622,The One Where Paul’s The Man,1,3,3,3,Moderate — better for older kids / preteens,Sex & hookups — Joey: “(nodding knowingly) Now you’re thinking you gotta sleep with him.”,"Swearing — Phoebe: “Oh! Here it is! (Noticing it next to the door.) Ooh, Joey! Why did you sign it, ""Son of a bitch?"" (Son of a bitch is written across the entire picture.)”","Alcohol / Drugs — Scene: Paul’s Cabin, Paul and Rachel are sitting on the couch drinking wine and talking."
6,23,0623,The One With The Ring,1,3,2,3,Moderate — better for older kids / preteens,Sex & hookups — Paul: “Are you talking about having sex?”,"Swearing — Rachel: “Well, you’re lucky you never met that bitch Sharon Majesky. Anyway, umm… The rest of you life, y’know? Any regrets?”",
6,24,0624,The One With The Proposal,1,3,2,3,Moderate — better for older kids / preteens,Monica and Chandler's wedding plans; binge drinking at bachelor/ette setups later.,,
7,01,0701,The One With Monica’s Thunder,1,4,2,4,Strong — skip for little kids,"Sex & hookups — Rachel: “Oh wow. That—y’know what? That is so unfair. Y’know what? Now I want to steal your thunder! Come on Ross, let’s go have sex!”","Nudity & bodies — Chandler: “Young! You’re a man-child okay?! Now go get changed because everybody’s ready and please, oh please, keep my underwear!”","Swearing — Monica: “I’m getting married!!!! I’m gonna be a bride!!!! (Someone else yells at her.) No, I will not shut up because I’m engaged! (He yells again.) Ohh, big talk! Huh, why don’t you come over here and say that to me?!…”"
7,02,0702,The One With Rachel’s Book,1,3,2,3,Moderate — better for older kids / preteens,Rachel's sister Jill flirts with Ross — inappropriate attraction jokes.,,
7,03,0703,The One With Phoebe’s Cookies,1,4,2,4,Strong — skip for little kids,"Sex & hookups — Monica: “Sweetie, I think the glasses look great. They make you look really sexy.”",Porn / strippers — Stripper or strip-club material shows up in the plot.,"Swearing — Chandler: “Look, I figured I would try to convince him not to tell the story anymore, and I figure the best way to do that is face to face—And by face I don’t mean his lap. And by face, I don’t mean my ass. (Exits.)”"
7,04,0704,The One With Rachel’s Assistant,1,3,1,3,Moderate — better for older kids / preteens,Sex & hookups — Monica: “Awww. (Kisses him.) But still no.”,Nudity & bodies — Phoebe: “I don’t know. I don’t know. I can’t lie to him again. Oh no I—no! I’m just gonna press my breasts up against him.”,"Swearing — Chandler: “Oh it’s always nicer to here than, ""Aw crap! You again!""”"
7,05,0705,The One With The Engagement Picture,1,3,2,3,Moderate — better for older kids / preteens,Phoebe runs / stalking-adjacent crush comedy with police officer.,,
7,06,0706,The One With The Nap Partners,1,2,3,3,Moderate — better for older kids / preteens,"Sex & hookups — Joey: “No, one man for the rest of my life? I don’t know if I can do it! This means I’ll never get to sleep with Joey!”","Nudity & bodies — Phoebe: “Okay, I can’t believe that Monica and Chandler are getting married. I remember talking about this day with Rachel while we were showering together, naked. (Raises her glass and drinks.)”","Swearing — Chandler: “No, see the thing is I want to get out of here before Joey gets all worked up and starts calling everybody bitch.”"
7,07,0707,The One With Ross’s Book,1,2,2,2,Mild — okay for many kids with a parent,Sex & hookups — Erin: “Bye Joey. (Kisses him.) Last night was fun.”,"Nudity & bodies — Rachel: “Oh good. (She walks to the closed bathroom door, opens it, and finds a naked woman wrapped in a towel.) Ahhh! My God, sorry! (She closes the door and confronts Joey.)”","Swearing — Monica: “(to the lobster) Lucky bastard! (Throws the lobster in and turns around to face the planet’s most annoying woman, next to Dr. Laura and Kathy Lee Gifford of course.…”"
7,08,0708,The One Where Chandler Doesn’t Like Dogs,1,3,2,3,Moderate — better for older kids / preteens,"Rachel's sister Amy; family dysfunction, pregnancy jokes later seasons.",,
7,09,0709,The One With All The Candy,3,3,2,3,Moderate — better for older kids / preteens,"Sex & hookups — Rachel: “Oh Monica come on, y’know I don’t sleep with guys on the first date!”","Nudity & bodies — Rachel: “Well, it gets worse. When asked if you take initiative I wrote, ""Yes, he was able to unhook my bra with minimal supervision,"" and under Problems with Performance I wrote, ""Dear God, I hope not,"" and then uh, then I…”","Porn / strippers — Joey: “Boy I tell ya, this little talent came in handy before I could afford porn.”"
7,10,0710,The One With the Holiday Armadillo,3,1,2,3,Moderate — better for older kids / preteens,Sex & hookups — Chandler: “Then it's okay! (They kiss.)”,Swearing — Chandler: “Mustached bastard…”,"Violence & death — Fighting, weapons, or death talk."
7,11,0711,The One With All The Cheesecakes,2,2,2,2,Mild — okay for many kids with a parent,"Sex & hookups — Joey: “Hey, you can cancel plans with friends if there is the possibility for sex!”",Swearing — Ross: “That bitch! (He gets up and they go over to ambush Frannie. Monica taps on Frannie’s shoulder.)”,Violence & death — Monica: “Used to work with her. Used to! I’m a relative and I didn’t get invited! A blood relative! Blood!!”
7,12,0712,The One Where They’re Up All Night,1,3,2,3,Moderate — better for older kids / preteens,Chandler's stripper bachelor surprise; strip-club energy.,,
7,13,0713,The One Where Rosita Dies,3,1,3,3,Moderate — better for older kids / preteens,"Swearing — Rachel: “No! (Joey sets his beer and bag of chips down and heads into his room.) Oh what does he know! Come on Rosita, us chichas got to stick together!…”",Violence & death — Earl: “Oh yeah? I work in a cubicle surrounded by people. I’ve been talking to you for five minutes now about killing myself and no one’s even looked up from their desk. Hang-hang on.…”,"Suicide / self-harm — Scene: The telemarketing office, Phoebe is still trying to talk Earl out of suicide."
7,14,0714,The One Where They All Turn Thirty,1,2,3,3,Moderate — better for older kids / preteens,Sex & hookups — Monica: “Okay. I love you so much. (Kisses him.)”,"Nudity & bodies — Rachel: “Okay, but taking care of a drunk, naked woman seems like a job for Joey.”",Swearing — Rachel: “So what?! Y’know what? The way I see it—(Phoebe pulls out a hair from the back of her head)—Ow! Son of a bitch!!”
7,15,0715,The One With Joey’s New Brain,1,3,2,3,Moderate — better for older kids / preteens,Joey and Rachel's kiss (they act on attraction).,,
7,16,0716,The One With The Truth About London,1,3,2,3,Moderate — better for older kids / preteens,Fallout of Joey/Rachel kiss; adult romantic conflict.,,
7,17,0717,The One With The Cheap Wedding Dress,1,1,2,2,Mild — okay for many kids with a parent,Nudity & bodies — Megan: “We met with him. Did he show you the photos of the nude wedding he did?”,Swearing — Joey: “You spent a hundred dollars. That’s the limit. You’re screwed!”,"Gay / Lesbian — Joey: “(laughs that one off) Yeah. So uh Ross, well now—why did that first marriage breakup? Was it because the woman was straight or she was a lesbian?”"
7,18,0718,The One With Joey’s Award,1,3,2,3,Moderate — better for older kids / preteens,"Sex & hookups — Monica: “No, a guy would be saying, ""I’m never gonna get to sleep with anyone else."" Oh my God! I’m never gonna get to sleep with anyone else! I’ve been so busy planning the wedding that I forgot about all the things that I’d…”",Swearing — Joey: “Okay. Can I squeeze your ass?”,"Alcohol / Drugs — Scene: Central Perk, Monica and Phoebe are drinking coffee and Phoebe notices a cute guy checking them out."
7,19,0719,The One With Ross and Monica’s Cousin,1,3,2,3,Moderate — better for older kids / preteens,Chandler's missing stripper 'party favor' confusion — stripper hired for party.,,
7,20,0720,The One With Rachel’s Big Kiss,2,4,2,4,Strong — skip for little kids,Sex & hookups — Main-cast women kissing is used as a sitcom gag.,"Swearing — Monica: “(on phone) Hello? (Listens) Yeah, hi! Mrs. Tribbiani? (Listens) Hi, this is Monica Geller. (Listens) Yeah I’m just calling to say that Chandler and I uh, really hope you can make it to the wedding.…”","Alcohol / Drugs — Rachel: “Yeah, it was senior year in college. It was after the Sigma Chi luau and Melissa and I got very drunk! And we ended up kissing! For several minutes!”"
7,21,0721,The One With The Vows,1,4,2,4,Strong — skip for little kids,Sex & hookups — Chandler: “Okay! Okay! Okay! You win! You win!! I can't have sex with ya!”,Nudity & bodies — Explicit body / sex-act language appears in dialogue.,"Swearing — Joey: “How is ""Monica, I love your sweet ass,"" inappropriate?”"
7,22,0722,The One With Chandler’s Dad,1,3,2,3,Moderate — better for older kids / preteens,Chandler's dad in Vegas-style showgirl costume at wedding events.,,
7,23,0723,The One With Chandler and Monica’s Wedding,1,3,2,3,Moderate — better for older kids / preteens,Wedding; Rachel learns she's pregnant (sex consequence becomes season arc).,,
7,special,07outtakes,Friends: The Stuff You’ve Never Seen,1,3,4,4,Strong — skip for little kids,"Sex & hookups — Cut to Monica and Chandler's, Sick Monica is trying to entice Chandler to have sex with her.","Nudity & bodies — Cut to Monica’s restaurant kitchen, it’s the episode where Joey is working as a waiter at Monica’s restaurant. Joey is patting her breast from when she set it on fire.","Swearing — Cut to Central Perk, to the theme from The Dick Van Dyke show Joey runs into Central Perk carrying a stack of Soap Opera Digests and falls on the step. He does bounce right back up making it all that much funnier."
8,01,0801,"The One After ""I Do""",1,4,2,4,Strong — skip for little kids,Who is the father? Rachel's pregnancy reveal — sex as central plot.,,
8,02,0802,The One With The Red Sweater,1,4,2,4,Strong — skip for little kids,Ross is the father; flashbacks to the night they slept together.,,
8,03,0803,The One Where Rachel Tells…,2,3,2,3,Moderate — better for older kids / preteens,"Sex & hookups — Ross: “Yeah, I need uh… I’m just—I don’t know—I don’t understand, umm, how this happened? We-we used a condom.”",Swearing — Monica: “Grab my ass!”,"Violence & death — Monica: “Yeah, but I’m the only one related by blood.”"
8,04,0804,The One With The Videotape,1,3,2,3,Moderate — better for older kids / preteens,Video of childbirth class / pregnancy body humor.,,
8,05,0805,The One With Rachel’s Date,2,2,4,4,Strong — skip for little kids,"Sex & hookups — Tim: “Awww, I’ll miss you too Pheebs. (Starts to leave) And I will be holding you, right here. (Holds his hands over his heart, blows a kiss to Phoebe who catches it, and then leaves and Phoebe throws the kiss back.)”","Porn / strippers — Chandler: “You know me sir. Oh ah, I do have a question for ya. Do you know how I get around the office computer network so I can access the really good Internet porn?”",Swearing — Phoebe: “Okay. But the question is who’s gonna go first. ‘Cause whoever goes second is the bitch.”
8,06,0806,The One With The Halloween Party,1,3,2,3,Moderate — better for older kids / preteens,Halloween pregnancy costumes; body jokes.,,
8,07,0807,The One With The Stain,1,4,2,4,Strong — skip for little kids,Couple may have had sex on a table Monica and Chandler buy — gross-out sex joke.,Pregnancy / stain misunderstandings.,
8,08,0808,The One With The Stripper,1,5,3,5,Heavy — not kid-friendly,Chandler's bachelor-party stripper (elderly stripper gag).,Stripper stays in their lives; sex-work comedy is the A-plot.,
8,09,0809,The One With The Rumor,1,3,2,3,Moderate — better for older kids / preteens,Rachel's baby shower; pregnancy intimacy discussion.,,
8,10,0810,The One With Monica’s Boots,2,3,2,3,Moderate — better for older kids / preteens,Sex & hookups — Joey: “Well obviously this is a mistake! You can’t be pregnant! Because you have to have sex to get pregnant!”,"Swearing — Phoebe: “Uh-huh. Uh-huh. Umm, could-could I get a copy of that? ‘Cause Carol threw it out, she lost ours. She’s such a scatterbrain, but man what a hot piece of ass.”",Violence & death — Monica: “I can’t do that either! The soles’ are already a little scuffed up and the insides are filled with my blood.”
8,11,0811,The One With Ross’ Big Step Forward,2,4,2,4,Strong — skip for little kids,"Sex & hookups — Phoebe: “Umm, he’s here to have sex with you.”",Nudity & bodies — pictures of my breasts!,Porn / strippers — Stripper or strip-club material shows up in the plot.
8,12,0812,The One Where Joey Dates Rachel,2,3,3,3,Moderate — better for older kids / preteens,"Sex & hookups — Joey: “You sure are naming a lot of ways to postpone sex, I’ll tell ya…”","Nudity & bodies — date! Although, I have a hint of morning sickness, and I’m wearing underwear that","Swearing — Well, you’re just a little bitch, aren’t you?"
8,13,0813,The One Where Chandler Takes a Bath,1,4,1,4,Strong — skip for little kids,"Sex & hookups — Phoebe: “Hey, are you going to find out the sex of the baby?”","Nudity & bodies — Chandler: “Honey, it’s not the bath I enjoy, it’s the wet, naked lady.”","Affairs / cheating — greatest love affair of their lives! And they would have me to thank, and we could all"
8,14,0814,The One With The Secret Closet,1,3,2,3,Moderate — better for older kids / preteens,Monica and Chandler try to conceive — timed sex schedule comedy.,,
8,15,0815,815 The Birthing Video,1,3,2,3,Moderate — better for older kids / preteens,More trying-to-get-pregnant sex scheduling.,,
8,16,0816,The One Where Joey Tells Rachel,2,2,1,2,Mild — okay for many kids with a parent,"Sex & hookups — Ross: “Sure, because women never like Joey. Y’know, I think he’s a virgin.”",Alcohol / Drugs — Joey: “Oh now—Hey Ross-Ross! Do you wanna-wanna come in for a beer or something?”,
8,17,0817,The One With The Tea Leaves,1,2,2,2,Mild — okay for many kids with a parent,"Nudity & bodies — Rachel: “Ew, was Chandler naked? Sort of like a, like a ring toss kind of situation?”","Swearing — Ross: “I don’t know. I mean I-I guess I could. It’s just that we didn’t really end things such good terms. And if I go over there I’d be ignoring the one thing she asked me to do when we broke up, jump up my own ass and die.…”","Alcohol / Drugs — Rachel: “Well I’ll tell ya! (Pause) See uh my-my boss and his wife—They-they can’t have children. So umm, and that—we were at the Christmas party, and he got drunk, and he said to me, ""Rachel, I want to buy your baby.""”"
8,18,0818,The One In Massapequa,1,3,2,3,Moderate — better for older kids / preteens,Birthing video / graphic birth discussion for Rachel.,,
8,19,0819,The One With Joey’s Interview,1,5,2,5,Heavy — not kid-friendly,"Sex & hookups — Joey: “Shh, OK, here I come, here I come. See I'm comin' to fix the copier, I can't get to the copier, I'm thinkin' what do I do, what do I do…so I just watch 'em have sex.…”","Nudity & bodies — Joey: “Check it out. (He turns around, pulls down his pants, and shows Phoebe that he’s got panties on.) How much of a man am I?!”",Porn / strippers — Porn / adult-channel plot is part of this episode.
8,20,0820,The One With The Baby Shower,1,4,3,4,Strong — skip for little kids,"Sex & hookups — Chandler: “Well Joey, I’m a headhunter. I hook up out of work Soviet scientists with rogue third-world nations. Hi Rasputin! (Waves.)”","Nudity & bodies — Mrs. Green: “Darling, that’s a breast pump!”",Porn / strippers — Stripper or strip-club material shows up in the plot.
8,21,0821,The One With The Cooking Class,1,3,2,3,Moderate — better for older kids / preteens,Phoebe and Mike romance; adult dating.,,
8,22,0822,The One Where Rachel Is Late,1,4,2,4,Strong — skip for little kids,"Sex & hookups — Phoebe: “Oh I-I don’t know about that. No, I think that if the two of you had sex the-the-the repercussions would be catastrophic.”","Nudity & bodies — Phoebe: “Until then, General Grant, why don’t you set up camp (She puts the bill in her bra) right there.”","Swearing — Rachel: “They sent me home from work. They were like, ""Start your maternity leave now! Just rest, get ready for the baby."" Well y’know what? Screw ‘em! If they don’t want me there, I’ll just hang out with you guys.”"
8,23,0823,The One Where Rachel Has A Baby,1,3,2,3,Moderate — better for older kids / preteens,"Rachel gives birth — labor scenes, medical intimacy.",,
9,01,0901,The One Where No One Proposes,1,3,2,3,Moderate — better for older kids / preteens,Joey tells Rachel he loves her in the hospital — romantic intensity postpartum.,,
9,02,0902,The One Where Emma Cries,1,4,2,4,Strong — skip for little kids,Ross and Charlie (grad student) — professor/student attraction begins later; early S9 dating.,,
9,03,0903,903 - The One With The Pediatrician,2,4,1,4,Strong — skip for little kids,Sex & hookups — Monica: “I love you too. (They kiss)”,Nudity & bodies — Explicit body / sex-act language appears in dialogue.,Swearing — Ross: “(Enters from his bedroom)Who the hell was that?!”
9,04,0904,904 - The One With The Sharks,2,5,3,5,Heavy — not kid-friendly,"Sex & hookups — So this is going pretty good. dinner was nice, got a lot in common. (Sees a magazine) Victoria's secret huh we even like the same books. (Walks over to a painting on the wall) Oh now there's a scary painting.…","Porn / strippers — Chandler: “(enters singing) Oklahoma where the wind comes sweeping down the plane, STOP IT! Why couldn't they have sent me to Texas? 7 o clock maybe I'll hit the gym (sits down) who am I kidding pay-per-view porn.”",Swearing — Monica: “: Joey I am not going to objectify woman with you (looks at the woman) but if her face is as nice as her ass woah mamma.”
9,05,0905,905 - The One With Phoebe�s Birthday Dinner,2,4,3,4,Strong — skip for little kids,"Sex & hookups — Monica: “Well, I�ll tell you what we�re gonna do: We are already late for Phoebe�s birthday dinner, so you point out put out that cigarette, we�re gonna put this fight on hold and go have sex.”","Nudity & bodies — Phoebe: “Ooh, and treat it is. (Monica�s breasts.)”",Swearing — Joey: “Son of a bitch!”
9,06,0906,906 - The One With The Male Nanny (200th episode),2,4,3,4,Strong — skip for little kids,"Sex & hookups — David: “In fact, ehm... I going to kiss you now. (David holds Phoebe and wants to kiss her.)”",Nudity & bodies — Explicit body / sex-act language appears in dialogue.,Swearing — Monica: “YOU BET YOUR ASS I AM! I just had the best first day ever! The kitchen: twice as big as Allessandro's.”
9,07,0907,907 - The One With Ross's Inappropriate Song,1,3,2,3,Moderate — better for older kids / preteens,Emma's first Christmas; mostly mild — babysitter panic.,,
9,08,0908,908 - The One With Rachel's Other Sister,1,4,3,4,Strong — skip for little kids,Rachel and Joey become a couple — sex implied as relationship starts.,,
9,09,0909,909 Rachel's Phone Number,1,4,2,4,Strong — skip for little kids,Phoebe finds Mike and David triangle; romantic/sexual choice plot.,,
9,10,0910,"Friends

The One With Christmas In Tulsa",1,3,3,3,Moderate — better for older kids / preteens,"Sex & hookups — Chandler: “Oh, okay, I have condom in my wallet that I've had since I was twelve.”",Nudity & bodies — Monica: “We're gonna see each other naked.”,"Swearing — Chandler: “All right everybody, I know that it's Christmas Eve and you'd rather be with your families, but there's *no* call (he takes it off) for writing ""Screw you, Mr.…”"
9,11,0911,911 Rachel Goes Back To Work,1,4,3,4,Strong — skip for little kids,Rachel and Joey try to tell Ross; sexual relationship secrecy.,,
9,12,0912,912 Phoebe's Rats,3,4,4,4,Strong — skip for little kids,Sex & hookups — Main-cast women kissing is used as a sitcom gag.,Porn / strippers — Joey: “Fine ... mediocre porn”,"Swearing — Rachel: “Hello. (to Gavin) But you know what, hey, new day, new leaf, I am just really really happy ... (sees Gavin staring at Heather) I'm sorry, obviously Heather's ass has something more important to say so I'll just wait…”"
9,13,0913,913 Monica Sings,1,3,2,3,Moderate — better for older kids / preteens,Monica's 'hot' pot dealer cousin? Actually massage/donor arcs nearby — check donor episode.,,
9,14,0914,914 The One With the Blind Dates,3,4,2,4,Strong — skip for little kids,"Sex & hookups — Chandler: “You guess I'm right? When we stayed at that bed and breakfast, you wouldn't have sex with me because you thought a deer was staring through the window.”","Nudity & bodies — Ross: “Hey, you're not naked! So hey, Rach, when will we expect to see you tonight?”","Swearing — Chandler: “Well, I can't say ""hump"" or ""screw"" in front of the B-A-B-Y.”"
9,15,0915,915 The Mugging,3,3,3,3,Moderate — better for older kids / preteens,"Sex & hookups — Lennart: “Hey! I-I-I don't care if he's hot, you know. If you want to sleep with him, do it on your own time. (Joey smiles smugly at this) This is a play.…”","Porn / strippers — Monica: “Wow, that's a big cable bill! Huh, you don't have a job, but you have no problem ordering porn… on a Saturday afternoon?! (shocked) I was in the house!”","Swearing — Lennart: “""Oh, you sick bastard!""”"
9,16,0916,916 - The One With The Boob Job,1,4,2,4,Strong — skip for little kids,Sperm donor / fertility clinic — explicit reproduction talk for Monica/Chandler.,,
9,17,0917,"Friends

917 - The One With The Memorial Service",2,4,2,4,Strong — skip for little kids,Sex & hookups — Chandler: “The tall girl who wouldn't sleep with you?”,"Porn / strippers — Ross: “You've really crossed the line here, but that's okay, it's ok 'cause I'm on my way to buy some Photoshop software and a stack of gay porn. That's right! Your coming out is about to get real graphic.”",Swearing — Monica: “Damn it! Rookie mistake!”
9,18,0918,"Friends

918 - The one with the lottery",1,3,2,3,Moderate — better for older kids / preteens,Lottery ticket / roommate stress — milder.,,
9,19,0919,"Friends
919 - The one with Rachel's dream",1,4,2,4,Strong — skip for little kids,Rachel and Joey's relationship awkwardness around Ross; intimacy comedy.,,
9,20,0920,"Friends
920 - The One With The Soap Opera Party",1,4,3,4,Strong — skip for little kids,Joey and Rachel break up after realizing it doesn't work — sex/romance heavy.,,
9,21,0921,"Friends

921 - The one with the fertility test",1,3,2,3,Moderate — better for older kids / preteens,Charlie and Ross; professor dating a student (power-dynamic concern).,,
9,22,0922,"Friends

922 - The one with the donor",1,3,2,3,Moderate — better for older kids / preteens,Phoebe's wedding planning; adult commitment.,,
9,23-24,0923-0924,"Friends

923 - 924 - The one in Barbados",1,3,2,3,Moderate — better for older kids / preteens,Phoebe and Mike marry in the street; Charlie/Joey/Ross romantic reshuffle.,,
10,01,1001,1001 - The One After Joey And Rachel Kiss,1,3,2,3,Moderate — better for older kids / preteens,Ross and Charlie continue; Joey dates Charlie — romantic musical chairs.,,
10,02,1002,1002 - The One Where Ross Is Fine,1,3,2,3,Moderate — better for older kids / preteens,Ross's paleontology grant / Charlie intimacy.,,
10,03,1003,"Friends

1003 - The One With Ross' Tan",1,3,2,3,Moderate — better for older kids / preteens,Joey's agent / sex-comedy side plots typical late series.,,
10,04,1004,"Friends

1004 - The One With The Cake",2,4,2,4,Strong — skip for little kids,"Sex & hookups — Ross: “Yeah, we want everyone to be there. As much as I hate to delay your doing weird sex stuff to my little sister.”",Nudity & bodies — Explicit body / sex-act language appears in dialogue.,"Swearing — Phoebe: “(yelling at the top of her voice) Go, go, go Alan! Run you, hairy bastard!”"
10,05,1005,"Friends

1005 - The One Where Rachel's Sister Baby-sits",1,3,2,3,Moderate — better for older kids / preteens,Phoebe's police officer husband jokes; mild.,,
10,06,1006,"Friends

1006 - The One With Ross' Grant",2,1,3,3,Moderate — better for older kids / preteens,Sex & hookups — Charlie: “I love you too! (and they start to kiss)”,"Swearing — Ross: “So, your ex-boyfriend is gonna determine if your new boyfriend gets this grant? Wow, your new boyfriend is screwed!”",Gay / Lesbian — Monica: “Who's Gladys? (Phoebe shows her a horrific painting with a half-a-body girl dummy coming out of the frame. Monica's frightened and she gasps.) Oh! What a tragic loss!”
10,07,1007,"Friends

1007 - The One With The Home Study",1,2,2,2,Mild — okay for many kids with a parent,Book of recipes / Thanksgiving — among the milder late episodes.,,
10,08,1008,"Friends

1008 - The One With The Late Thanksgiving",1,3,2,3,Moderate — better for older kids / preteens,Late-series dating and infertility stress for Monica/Chandler.,,
10,09,1009,"Friends

1009 - The One With The Birth Mother",1,3,2,3,Moderate — better for older kids / preteens,Ross and Charlie break up; Rachel considers Paris.,,
10,10,1010,"Friends

1010 - The One Where Chandler Gets Caught",2,5,3,5,Heavy — not kid-friendly,"Sex & hookups — Joey: “And about this Nancy thing... If you're not sleeping with her, should I?”","Nudity & bodies — Phoebe: “[looking outside the window] Eww, look. Ugly Naked Guy lit a bunch of candles.”",Swearing — Joey: “(to Chandler) You son of a bitch!”
10,11,1011,"Friends

1011 - The One Where The Stripper Cries",1,3,2,3,Moderate — better for older kids / preteens,Surrogate/adoption agency interviews — adult family planning.,,
10,12,1012,"Friends

1012 - The One With Phoebe's Wedding",2,2,3,3,Moderate — better for older kids / preteens,Sex & hookups — Chandler: “I don't know. Maybe he hooked up with that hot girl he was talking to.”,Swearing — Phoebe: “I want you to be Crazy Bitch again.”,"Violence & death — Phoebe: “Yeah. Well, uhm... listen he was supposed to get a weekend furlough, so he'd come to the wedding tomorrow, but he just called and... uhm...…”"
10,13,1013,"Friends

1013 - The One Where Joey Speaks French",1,3,2,3,Moderate — better for older kids / preteens,Monica and Chandler get the adoption call.,,
10,14,1014,"Friends

1014 - The One With Princess Consuela",1,4,2,4,Strong — skip for little kids,Rachel and Ross sleep together before she leaves for Paris (implied).,,
10,15,1015,"Friends

1015 - The One Where Estelle Dies",1,3,2,3,Moderate — better for older kids / preteens,"Estelle dies; Joey's agent funeral — mortality, mild.",,
10,16,1016,"Friends

1016 - The One With Rachel's Going Away Party",1,3,2,3,Moderate — better for older kids / preteens,Rachel's goodbye party; romantic unresolved tension.,,
10,17-18,1017-1018,"Friends

1017-1018 - The Last One",1,4,2,4,Strong — skip for little kids,Series finale: Ross and Rachel get back together; adoption delivery room.,"Emotional adult romance climax — fine for many teens, intense for little kids.",
