season,episode,code,title,violence,sex,language,overall,verdict,example_1
1,1,0101,Series 01 Episode 01 – Pilot Episode,1,4,2,4,Strong — skip for little kids,Sex & hookups — A corridor at a sperm bank.
1,2,0102,Series 01 Episode 02 – The Big Bran Hypothesis,2,2,3,3,Moderate — better for older kids / preteens,"Sex & hookups — Sheldon: “Yeah, those are men who just had sex.”"
1,3,0103,Series 01 Episode 03 – The Fuzzy Boots Corollary,2,3,2,3,Moderate — better for older kids / preteens,"Sex & hookups — Leonard: “I mean, I’m a perfectly nice guy. There’s no reason we couldn’t go to the restaurant and have a lovely dinner. Maybe take a walk afterwards, talk about things we have in common, “you love pottery?…”"
1,4,0104,Series 01 Episode 04 – The Luminous Fish Effect,2,1,3,3,Moderate — better for older kids / preteens,"Swearing — Mrs Cooper: “Well, that’s what he called it, didn’t even slow down the neighbour kids. It pissed our dog off to no end. You know, you two make a cute couple.”"
1,5,0105,Series 01 Episode 05 – The Hamburger Postulate,2,4,1,4,Strong — skip for little kids,"Sex & hookups — Lesley: “Listen, Leonard, neither of us are neuroscientists but we both understand the biochemistry of sex, I mean, dopamine in our brains is released across synapses causing pleasure.…”"
1,6,0106,Series 01 Episode 06 – The Middle Earth Paradigm,1,1,2,2,Mild — okay for many kids with a parent,"Sex & hookups — Howard: “Hey guys, check out the sexy nurse. I believe it’s time for me to turn my head and cough.”"
1,7,0107,Series 01 Episode 07 – The Dumpling Paradox,2,4,4,4,Strong — skip for little kids,"Sex & hookups — Penny: “Well, she was engaged to my cousin while she was sleeping with my brother, so she’s kind of family.”"
1,8,0108,Series 02 Episode 08 – The Lizard-Spock Expansion,1,1,3,3,Moderate — better for older kids / preteens,Sex & hookups — Leonard’s car. Leonard and the girl are kissing.
1,8,0108,Series 01 Episode 08 – The Grasshopper Experiment,2,4,3,4,Strong — skip for little kids,Sex & hookups — Sheldon: “Fine. I’ll have a virgin cuba libre.”
1,9,0109,Series 01 Episode 09 – The Cooper-Hofstadter Polarization,3,4,2,4,Strong — skip for little kids,Nudity & bodies — Explicit body / sex-act language appears in dialogue.
1,10,0110,Series 01 Episode 10 – The Loobenfeld Decay,3,2,2,3,Moderate — better for older kids / preteens,"Sex & hookups — Toby: “Let me ask you something, Penny. Have you ever woken up in a fleabag motel, covered in your own vomit, next to a transsexual prostitute?”"
1,11,0111,Series 01 Episode 11 – The Pancake Batter Anomaly,2,1,3,3,Moderate — better for older kids / preteens,"Swearing — Leonard (Dials phone): Hi, Penny. I was wondering, is Sheldon still at the restaurant? Okay, that was very nice of you. Okay, gotta go, got kind of a full blown Chernobyl thing here, gotta go, bye.…"
1,12,0112,Series 01 Episode 12 – The Jerusalem Duality,3,2,2,3,Moderate — better for older kids / preteens,Sex & hookups — Raj: “She was sleeping with you?”
1,13,0113,Series 01 Episode 13 – The Bat Jar Conjecture,2,1,3,3,Moderate — better for older kids / preteens,"Nudity & bodies — Leslie: “Leonard, there’s no reason to feel uncomfortable just because we’ve seen each other’s faces and naked bodies contorted in the sweet agony of coitus.”"
1,14,0114,Series 01 Episode 14 – The Nerdvana Annihilation,1,2,2,2,Mild — okay for many kids with a parent,"Sex & hookups — Sheldon: “In addition, your premise is flawed. In the original film, Rod Taylor got Yvette Mimeaux with that very time machine. In Back to the Future, Marty McFly got the opportunity to hook up with his extremely attractive…”"
1,15,0115,Series 01 Episode 15 – The Porkchop Indeterminacy,2,4,3,4,Strong — skip for little kids,Sex & hookups — Sheldon: “Am I? Here. Eat this cheese without farting and you can sleep with my sister.”
1,16,0116,Series 01 Episode 16 – The Peanut Reaction,2,4,3,4,Strong — skip for little kids,"Sex & hookups — Howard: “I suppose that’s possible, but for the record, I’ve never had a threesome and yet I still know I want one.”"
1,17,0117,Series 01 Episode 17 – The Tangerine Factor,1,2,3,3,Moderate — better for older kids / preteens,"Sex & hookups — Penny: “Oh, I’ll tell you what’s going on, that stupid self-centred bastard wrote about our sex life in his blog. (Out of window) Drop dead, you stupid self-centred bastard! (To Leonard) Thank you. (exit)”"
2,1,0201,Series 02 Episode 01 – The Bad Fish Paradigm,1,2,1,2,Mild — okay for many kids with a parent,Sex & hookups — Raj: “How dare you. Aishwarya Rai is a Goddess. By comparison Madhuri Dixit is a leprous prostitute.”
2,2,0202,Series 02 Episode 02 – The Codpiece Topology,1,3,2,3,Moderate — better for older kids / preteens,"Sex & hookups — Sheldon: “It’s not hard. It’s simple. You can either sit with me, your friend, colleague and roommate, or you can sit with an overrated scientist you might have sex with.”"
2,3,0203,Series 02 Episode 03 – The Barbarian Sublimation,2,3,1,3,Moderate — better for older kids / preteens,"Sex & hookups — Penny: “I know what it means, Sheldon! God, you know, I have been in L.A. for almost two years now, and I haven’t got a single acting job, I have accomplished nothing, haven’t gotten a raise at work, haven’t even had sex in…”"
2,4,0204,Series 02 Episode 04 – The Griffin Equivalency,3,1,2,3,Moderate — better for older kids / preteens,"Sex & hookups — Penny: “No, it’s okay, between (indicates Raj) him not talking, (indicates Sheldon) him talking and… (indicates Howard) him, I’m better off alone, so, (to Raj) goodbye you poor strange little man (gives him a kiss and exits.)”"
2,5,0205,Series 02 Episode 05 – The Euclid Alternative,1,1,2,2,Mild — okay for many kids with a parent,"Swearing — Howard: “Oh damn, I picked the wrong side.”"
2,6,0206,Series 02 Episode 06 – The Cooper-Nowitzki Theorem,1,1,2,2,Mild — okay for many kids with a parent,"Swearing — Raj: “Damn, there’s always a catch.”"
2,7,0207,Series 02 Episode 07 – The Panty Pinata Polarization,2,1,2,2,Mild — okay for many kids with a parent,"Sex & hookups — Penny: “Yeah, well, your ken can kiss my Barbie.”"
2,9,0209,Series 02 Episode 09 – The White Asparagus Triangulation,2,1,2,2,Mild — okay for many kids with a parent,"Swearing — Steph: “What do you think I did? I discreetly slipped off the other earring, put it in my pocket and then got the hell out of there!”"
2,11,0211,Series 02 Episode 11 – The Bath Item Gift Hypothesis,3,5,1,5,Heavy — not kid-friendly,"Sex & hookups — Leonard: “He’s funny, too. He does this hysterical impersonation of Stephen Hawking having phone sex. What are you wearing? That’s not, he does it better.…”"
2,11,0211,Series 02 Episode 10 – The Vartabedian Conundrum,2,3,1,3,Moderate — better for older kids / preteens,"Sex & hookups — Penny: “You had sex, didn’t you?”"
2,12,0212,Series 02 Episode 12 – The Killer Robot Instability,3,3,2,3,Moderate — better for older kids / preteens,"Sex & hookups — Penny: “I am saying it is not a compliment to call me doable. It’s not sexy to stare at my ass and say, “Ooh, it must be jelly ’cause jam don’t shake like that.” And most important, we are not dancing a tango, we’re not to’ing…”"
2,13,0213,Series 02 Episode 13 – The Friendship Algorithm,2,1,1,2,Mild — okay for many kids with a parent,Swearing — Raj: “Damn it. I had Lysine and changed it.”
2,14,0214,Series 02 Episode 14 – The Financial Permeability,2,2,2,2,Mild — okay for many kids with a parent,Sex & hookups — Penny: “What are you saying? That I’m using my body to get dinner? That I’m some kind of Chinese food prostitute?”
2,15,0215,Series 02 Episode 15 – The Maternal Capacitance,1,4,1,4,Strong — skip for little kids,"Sex & hookups — Leonard: “Come on, you’re trying to have sex with your father, and I’m okay with that.”"
2,16,0216,Series 02 Episode 16 – The Cushion Saturation,3,4,3,4,Strong — skip for little kids,"Sex & hookups — Howard: “Court-martial, schmort-martial, Leslie Winkle is the fifth girl I’ve ever had sex with. I mean, for free.”"
2,17,0217,Series 02 Episode 17 – The Terminator Decoupling,2,1,2,2,Mild — okay for many kids with a parent,"Nudity & bodies — Raj: “It’s not so bad, really. At least these trains have modern plumbing. In India, you squat over a hole in the train and expose your naked buttocks to the chilly air of Rajasthan.”"
2,18,0218,Series 02 Episode 18 – The Work Song Nanocluster,2,4,3,4,Strong — skip for little kids,"Nudity & bodies — Leonard: “Believe me, Howard, any girl who would be willing to play that, you don’t want to see naked.”"
2,19,0219,Series 02 Episode 19 – The Dead Hooker Juxtaposition,2,2,3,3,Moderate — better for older kids / preteens,"Sex & hookups — Howard: “According to Alicia’s facebook page, she’s hooking up with one of the producers on CSI.”"
2,20,0220,Series 02 Episode 20 – The Hofstadter Isotope,1,3,3,3,Moderate — better for older kids / preteens,"Sex & hookups — Howard: “I’m a horny engineer, Leonard. I never joke about math or sex.”"
2,21,0221,Series 02 Episode 21 – The Vegas Renormalization,2,5,2,5,Heavy — not kid-friendly,"Sex & hookups — Leonard: “Okay, I hate to break this to you and whatever your jammy is, but, I’m pretty sure she is a prostitute.”"
2,22,0222,Series 02 Episode 22 – The Classified Materials Turbulence,1,1,4,4,Strong — skip for little kids,Sex & hookups — Raj: “You’re paying? Have you been selling your sperm again?”
2,23,0223,Series 02 Episode 23 – The Monopolar Expedition,2,1,2,2,Mild — okay for many kids with a parent,"Nudity & bodies — Leonard: “Oh, well, it all happened kind of fast, and we had to get physicals and buy thermal underwear and study up on, you know, snow and stuff. Sorry, I was gonna tell you.”"
3,1,0301,Series 03 Episode 01 – The Electric Can Opener Fluctuation,2,2,3,3,Moderate — better for older kids / preteens,Sex & hookups — Leonard: “You know how they say when friends have sex it can get weird?”
3,2,0302,Series 03 Episode 02 – The Jiminy Conjecture,1,4,2,4,Strong — skip for little kids,"Sex & hookups — Raj: “Yeah, but since you and Penny finally hooked up, we thought you two would be having bouncy naked yum-yum night.”"
3,3,0303,Series 03 Episode 03 – The Gothowitz Deviation,2,3,2,3,Moderate — better for older kids / preteens,"Sex & hookups — Penny: “Oh, man, did the Kiss Army repeal don’t ask, don’t tell?”"
3,4,0304,Series 03 Episode 04 – The Pirate Solution,2,3,1,3,Moderate — better for older kids / preteens,"Sex & hookups — Penny: “Leonard, honey, you don’t have to say thank you every time we have sex.”"
3,5,0305,Series 03 Episode 05 – The Creepy Candy Coating Corollary,3,2,3,3,Moderate — better for older kids / preteens,Sex & hookups — Penny: “And you thought a good time to bring this up be right after sex.”
3,6,0306,Series 03 Episode 06 – The Cornhusker Vortex,2,1,2,2,Mild — okay for many kids with a parent,Swearing — Raj: “Son of a bitch.”
3,7,0307,Series 03 Episode 07 – The Guitarist Amplification,3,1,3,3,Moderate — better for older kids / preteens,"Nudity & bodies — Leonard: “Okay, not to be pedantic, but the last I checked went out was in fact the past tense of going out, which I think we all know is a popular euphemism for saw each other naked.”"
3,8,0308,Series 03 Episode 08 – The Adhesive Duck Deficiency,2,3,2,3,Moderate — better for older kids / preteens,"Sex & hookups — Howard: “Ooh, Real Sex.”"
3,9,0309,Series 03 Episode 09 – The Vengeance Formulation,1,4,2,4,Strong — skip for little kids,"Sex & hookups — Howard: “Okay, well, before you and Penny hooked up, did she ask for any kind of commitment?”"
3,10,0310,Series 03 Episode 10 – The Gorilla Experiment,1,2,2,2,Mild — okay for many kids with a parent,"Nudity & bodies — Howard: “I didn’t say anything like that. I said Leonard has to ask my permission. (Bernadette storms out) Come on, I don’t want to eat lamb stew with my mother. Damn, I was this close on the bra.”"
3,11,0311,Series 03 Episode 11 – The Maternal Congruence,2,4,3,4,Strong — skip for little kids,Sex & hookups — Penny: “I’m sleeping with your son.”
3,12,0312,Series 03 Episode 12 – The Psychic Vortex,1,3,2,3,Moderate — better for older kids / preteens,Sex & hookups — Leonard: “Don’t worry. We’re planning to have sex right on the salad bar.”
3,13,0313,Series 03 Episode 13 – The Bozeman Reaction,2,1,2,2,Mild — okay for many kids with a parent,"Swearing — Penny (entering): Raj, your car is blocking me… (A wire net falls on her, while a computer voice repeats the words “Intruder Alert”) What the hell?"
3,14,0314,Series 03 Episode 14 – The Einstein Approximation,1,1,2,2,Mild — okay for many kids with a parent,Swearing — Raj: “Screw you. Give me back my lima beans.”
3,15,0315,Series 03 Episode 15 – The Large Hadron Collision,2,4,1,4,Strong — skip for little kids,"Sex & hookups — Raj: “Fine, tell us you’re going to have sex with Penny.”"
3,16,0316,Series 03 Episode 16 – The Excelsior Acquisition,1,1,3,3,Moderate — better for older kids / preteens,Swearing — Howard: “That’s ’cause you pissed him off about his character names.”
3,17,0317,Series 03 Episode 17 – The Precious Fragmentation,3,4,2,4,Strong — skip for little kids,Sex & hookups — Raj: “Think about this. The only way your mother was born was your Meemaw had sex.”
3,18,0318,Series 03 Episode 18 – The Pants Alternative,3,3,3,3,Moderate — better for older kids / preteens,"Sex & hookups — Raj: “Okay in Avatar when they have sex in Pandora they hook up their ponytails, so we know their ponytails are like their junk.”"
3,19,0319,Series 03 Episode 19 – The Wheaton Recurrence,1,4,3,4,Strong — skip for little kids,Nudity & bodies — Explicit body / sex-act language appears in dialogue.
3,20,0320,Series 03 Episode 20 – The Spaghetti Catalyst,2,3,3,3,Moderate — better for older kids / preteens,Sex & hookups — Raj: “I haven’t had sex in a year.”
3,21,0321,Series 03 Episode 21 – The Plimpton Stimulation,1,3,2,3,Moderate — better for older kids / preteens,"Sex & hookups — Penny: “You know what? It’s, it’s none of my business. If you want to sleep with Sheldon’s doctor buddy right after we stopped seeing each other, go for it.”"
3,22,0322,Series 03 Episode 22 – The Staircase Implementation,1,1,3,3,Moderate — better for older kids / preteens,"Swearing — Leonard (voice off): Aw, screw the roommate agreement!"
3,23,0323,Series 03 Episode 23 – The Lunar Excitation,2,4,3,4,Strong — skip for little kids,Sex & hookups — Penny: “We’re gonna have sex.”
4,1,0401,Series 04 Episode 01 – The Robotic Manipulation,3,4,2,4,Strong — skip for little kids,Sex & hookups — Amy: “Does volunteering for a scientific experiment in which orgasm was achieved by electronically stimulating the pleasure centres of the brain count?”
4,2,0402,Series 04 Episode 02 – The Cruciferous Vegetable Amplification,3,1,2,3,Moderate — better for older kids / preteens,"Nudity & bodies — Penny: “So, either one of you weirdos want to buy my underwear? Only fourteen hundred bucks.”"
4,3,0403,Series 04 Episode 03 – The Zazzy Substitution,2,1,3,3,Moderate — better for older kids / preteens,"Swearing — Penny: “God, he’s an ass when he drinks.”"
4,4,0404,Series 04 Episode 04 – The Hot Troll Deviation,2,3,3,3,Moderate — better for older kids / preteens,"Sex & hookups — Howard: “Well, did you know that the characters in the game can have sex with each other?”"
4,5,0405,Series 04 Episode 05 – The Desperation Emanation,1,4,3,4,Strong — skip for little kids,"Sex & hookups — Stuart: “Not really. She’s horrible. When she wants to have sex, she puts on her plus-size Wonder Woman costume and shouts who wants to take a ride in my invisible plane?”"
4,6,0406,Series 04 Episode 06 – The Irish Pub Formulation,1,1,1,1,Usually fine,Sex & hookups — Priya: “Thanks. (Grabs him and kisses him.)”
4,7,0407,Series 04 Episode 07 – The Apology Insufficiency,1,2,2,2,Mild — okay for many kids with a parent,"Sex & hookups — Sheldon: “I believe you were about to ask me to choose a cocktail. Fortunately, thanks to computer-savvy alcoholics, there’s an app for that. Let’s see. Harvey Wallbanger. Eh. Sex on the Beach. I hardly think so.…”"
4,8,0408,Series 04 Episode 08 – The 21 Second Excitation,2,1,2,2,Mild — okay for many kids with a parent,Sex & hookups — Bernadette: “I thought it was pretty spicy. Especially the part where he kisses her nether yea.”
4,9,0409,Series 04 Episode 09 – The Boyfriend Complexity,2,1,2,2,Mild — okay for many kids with a parent,"Sex & hookups — Penny: “Oh, gee, dad, Leonard can’t stay. He just dropped by to say hello. Thanks for stopping by, sweetie. I’ll see you later. (Kisses him passionately) Bye.”"
4,10,0410,Series 04 Episode 10 – The Alien Parasite Hypothesis,2,3,2,3,Moderate — better for older kids / preteens,Sex & hookups — Sheldon: “Forget science. She’s horny.”
4,11,0411,Series 04 Episode 11 – The Justice League Recombination,2,4,3,4,Strong — skip for little kids,"Sex & hookups — Howard: “You got her to have sex with you. Obviously, your superpower is brainwashing.”"
4,12,0412,Series 04 Episode 12 – The Bus Pants Utilization,1,2,2,2,Mild — okay for many kids with a parent,Sex & hookups — Howard: “What’s that? Some weird sex thing?”
4,13,0413,Series 04 Episode 13 – The Love Car Displacement,1,4,3,4,Strong — skip for little kids,"Sex & hookups — Penny: “Oh, don’t feel bad. I never read Leonard’s, and I used to sleep with him.”"
4,14,0414,Series 04 Episode 14 – The Thespian Catalyst,2,3,1,3,Moderate — better for older kids / preteens,"Sex & hookups — Raj: “Thank you, but cute is for bunnies. I want to be something with sex appeal, like, like a labradoodle.”"
4,15,0415,Series 04 Episode 15 – The Benefactor Factor,1,4,2,4,Strong — skip for little kids,Sex & hookups — Leonard: “Are you insane? I’m not going to prostitute myself just so we can get some new equipment.”
4,16,0416,Series 04 Episode 16 – The Cohabitation Formulation,2,4,2,4,Strong — skip for little kids,"Sex & hookups — Mrs Wolowitz: “I know what that means, I watch Dr. Phil. I hope to God you used a condom!”"
4,17,0417,Series 04 Episode 17 – The Toast Derivation,3,2,3,3,Moderate — better for older kids / preteens,"Sex & hookups — Penny: “Okay, let’s go through this one more time. Just because Leonard has a new girlfriend does not mean I need to go out and hook up with some guy.”"
4,18,0418,Series 04 Episode 18 – The Prestidigitation Approximation,2,2,2,2,Mild — okay for many kids with a parent,Sex & hookups — Penny: “I’m not going out with him. He can sleep with whoever he wants.”
4,19,0419,Series 04 Episode 19 – The Zarnecki Incursion,2,2,3,3,Moderate — better for older kids / preteens,"Sex & hookups — Raj: “Okay, I see where this is going. Fine, I’ll have sex with him.”"
4,20,0420,Series 04 Episode 20 – The Herb Garden Germination,2,3,3,3,Moderate — better for older kids / preteens,"Sex & hookups — Penny: “All right, try thinking about this. Sheldon and Amy had sex.”"
4,21,0421,Series 04 Episode 21 – The Agreement Dissection,2,2,2,2,Mild — okay for many kids with a parent,"Sex & hookups — Leonard: “No offence, but shower sex with you is now the second best thing that’s happened today.”"
4,22,0422,Series 04 Episode 22 – The Wildebeest Implementation,2,4,3,4,Strong — skip for little kids,Sex & hookups — Raj: “I have to feel sorry for myself. I’m the only one who cares. Just like I’m the only one who’ll have sex with me.”
4,23,0423,Series 04 Episode 23 – The Engagement Reaction,3,2,3,3,Moderate — better for older kids / preteens,Sex & hookups — Bernadette: “Howard’s mother had a heart attack because I have sex with him and she can’t.”
4,24,0424,Series 04 Episode 24 – The Roommate Transmogrification,2,2,3,3,Moderate — better for older kids / preteens,Sex & hookups — Raj: “Leonard’s having astronomically inaccurate Star Trek sex with my sister.”
5,1,0501,Series 05 Episode 01 – The Skank Reflex Analysis,2,4,4,4,Strong — skip for little kids,"Sex & hookups — Raj: “Well, uh, as your friend, you might like to know that, um, we didn’t have sex in the conventional sense.”"
5,2,0502,Series 05 Episode 02 – The Infestation Hypothesis,1,3,1,3,Moderate — better for older kids / preteens,"Sex & hookups — Howard: “Are you insane? With high-speed Internet, you have at your fingertips the greatest advancement in the field of sex since the invention of the washcloth.”"
5,3,0503,Series 05 Episode 03 – The Pulled Groin Extrapolation,1,4,2,4,Strong — skip for little kids,"Sex & hookups — Amy: “Why shouldn’t they be? They have a feverish night of socially-approved copulation ahead of them. In some cultures, we’d stand outside of their bedroom cheering as they achieved orgasm.”"
5,4,0504,Series 05 Episode 04 – The Wiggly Finger Catalyst,1,3,2,3,Moderate — better for older kids / preteens,"Sex & hookups — Raj: “Mmm. Oh, cheesecake, you’re just as good as a woman, even though I can’t have sex with you.”"
5,5,0505,Series 05 Episode 05 – The Russian Rocket Reaction,3,3,1,3,Moderate — better for older kids / preteens,Sex & hookups — Howard: “Honestly? Sex.”
5,6,0506,Series 05 Episode 06 – The Rhinitis Revelation,1,1,1,1,Usually fine,"Alcohol / Drugs — Sheldon: “Well, there’s actually big news on the Amy front. She’s been studying the neurobiology of addiction in lower animals. She is this close to getting a starfish hooked on cocaine.”"
5,7,0507,Series 05 Episode 07 – The Good Guy Fluctuation,2,4,3,4,Strong — skip for little kids,"Sex & hookups — Leonard: “Here’s the thing, I, I’m not one of those guys who sneaks around and sleeps with more than one woman.”"
5,8,0508,Series 05 Episode 08 – The Isolation Permutation,2,3,2,3,Moderate — better for older kids / preteens,"Sex & hookups — Amy: “What? Wait, is this some kind of practical joke? Like in Norway, when my friends trapped me in a sauna with a horny otter?”"
5,9,0509,Series 05 Episode 09 – The Ornithophobia Diffusion,2,4,2,4,Strong — skip for little kids,"Sex & hookups — Leonard: “Yes, I do. The only reason I went is because you wanted to see them, and I wanted to have sex. To this day, I can’t see a Sandra Bullock movie poster without getting both bored and aroused.”"
5,10,0510,Series 05 Episode 10 – The Flaming Spittoon Acquisition,2,2,2,2,Mild — okay for many kids with a parent,Sex & hookups — Howard: “Wait a minute. Are you telling me that Sheldon’s patented blend of condescension and no sex isn’t enough to hold on to a woman?”
5,11,0511,Series 05 Episode 11 – The Speckerman Recurrence,2,3,3,3,Moderate — better for older kids / preteens,Sex & hookups — Leonard: “You know what? I am tired of living in fear of this guy. I’m gonna go see him and finally say all the things I should have said in high school.…”
5,12,0512,Series 05 Episode 12 – The Shiny Trinket Maneouvre,2,2,1,2,Mild — okay for many kids with a parent,"Sex & hookups — Howard: “I would love that. But what is that behind your ear? Oh, look, it’s a condom.”"
5,13,0513,Series 05 Episode 13 – The Recombination Hypothesis,2,3,2,3,Moderate — better for older kids / preteens,Sex & hookups — Bernadette: “Do you think you’ll sleep with him tonight?”
5,14,0514,Series 05 Episode 14 – The Beta Test Initiation,2,3,1,3,Moderate — better for older kids / preteens,Sex & hookups — Penny: “You see me all the time. You sure you just don’t miss the sex?”
5,15,0515,Series 05 Episode 15 – The Friendship Contraction,2,2,1,2,Mild — okay for many kids with a parent,"Sex & hookups — Penny: “You know, in Girl Scouts, Tammie Dinisha said you could do that with panty hose. Boy, was she wrong. Anyway, you want to make out?”"
5,16,0516,Series 05 Episode 16 – The Vacation Solution,3,2,2,3,Moderate — better for older kids / preteens,"Sex & hookups — Bernadette: “I don’t know, I don’t want to manipulate him with sex.”"
5,17,0517,Series 05 Episode 17 – The Rothman Disintegration,1,4,3,4,Strong — skip for little kids,Nudity & bodies — Explicit body / sex-act language appears in dialogue.
5,18,0518,Series 05 Episode 18 – The Werewolf Transformation,1,3,2,3,Moderate — better for older kids / preteens,"Sex & hookups — Amy: “Well, I don’t know. I think you might look sexy with long hair. The kind that flows down to your shoulders and blows back while riding on a horse, bareback and bare-chested.…”"
5,19,0519,Series 05 Episode 19 – The Weekend Vortex,1,3,2,3,Moderate — better for older kids / preteens,"Sex & hookups — Leonard: “Well, we’re always the good guys. In D&D, we’re lawful good, in City Of Heroes, we’re the heroes, in Grand Theft Auto, we pay the prostitutes promptly and never hit them with a bat.”"
5,20,0520,Series 05 Episode 20 – The Transporter Malfunction,2,4,2,4,Strong — skip for little kids,"Sex & hookups — Raj: “Oh, no, no, I get a say in it. But I’m sure whoever shows up will be better company than a threesome I’ve been having with Aunt Jemima and Mrs Butterworth.”"
5,21,0521,Series 05 Episode 21 – The Hawking Excitation,1,2,2,2,Mild — okay for many kids with a parent,"Sex & hookups — Howard: “It’s not her fault. She’s getting hormone replacement therapy. Makes her crazy horny. Check this out, I got Sheldon to wear the French maid’s costume.”"
5,22,0522,Series 05 Episode 22 – The Stag Convergence,1,4,2,4,Strong — skip for little kids,"Sex & hookups — Raj: “The only threesome I’ve ever had in my life, and I’m proud to say it was with this man right here.”"
5,23,0523,Series 05 Episode 23 – The Launch Acceleration,2,3,3,3,Moderate — better for older kids / preteens,Sex & hookups — Penny: “Who says something like that right in the middle of sex?”
5,24,0524,Series 05 Episode 24 – The Countdown Reflection,1,1,2,2,Mild — okay for many kids with a parent,"Sex & hookups — Amy: “I love his eidetic memory, it’s so sexy. Sheldon, what are the ingredients in Pringles?”"
6,1,0601,Series 06 Episode 01 – The Date Night Variable,1,3,2,3,Moderate — better for older kids / preteens,"Sex & hookups — Penny: “Uh, I don’t know, it’s still kind of weird. We haven’t really recovered since he proposed to me in the middle of sex.”"
6,2,0602,Series 06 Episode 02 – The Decoupling Fluctuation,1,1,1,1,Usually fine,"Sex & hookups — Bernadette: “Oh, that’s not really a fair comparison. I’m basically married to a sexy Buzz Lightyear.”"
6,3,0603,Series 06 Episode 03 – The Higgs Boson Observation,1,5,1,5,Heavy — not kid-friendly,"Sex & hookups — Howard: “Okay, okay. What am I doing? I’m using up all the oxygen. If I die, promise you’ll never have sex with another man.”"
6,4,0604,Series 06 Episode 04 – The Re-Entry Minimization,1,2,2,2,Mild — okay for many kids with a parent,"Sex & hookups — Raj: “Wait, your, your mother is sleeping with your dentist?”"
6,5,0605,Series 06 Episode 05 – The Holographic Excitation,1,5,1,5,Heavy — not kid-friendly,Sex & hookups — Leonard: “But what I really am is a very smart scientist who understands the mechanics of the universe and is wearing the sexy black underwear you bought him.”
6,6,0606,Series 06 Episode 06 – The Extract Obliteration,1,2,3,3,Moderate — better for older kids / preteens,"Sex & hookups — Penny: “Thank you. Now behave yourself and eat your dinner. Maybe later, if you’re lucky, you get to sleep with a college girl.”"
6,7,0607,Series 06 Episode 07 – The Habitation Configuration,1,2,2,2,Mild — okay for many kids with a parent,Nudity & bodies — Howard: “There’s some underwear in the hamper.”
6,8,0608,Series 06 Episode 08 – The 43 Peculiarity,2,1,3,3,Moderate — better for older kids / preteens,"Swearing — Howard: “That’s forty-two, dumb-ass.”"
6,9,0609,Series 06 Episode 09 – The Parking Spot Escalation,2,4,3,4,Strong — skip for little kids,"Sex & hookups — Bernadette: “I don’t have to take this. I’m gonna go home and have sex with my husband right now. Maybe I’ll let him do it to me in the parking spot. Which sounds dirty, but I didn’t mean it that way,”"
6,10,0610,Series 06 Episode 10 – The Fish Guts Displacement,3,2,1,3,Moderate — better for older kids / preteens,"Sex & hookups — Sheldon: “I can think of many things Spider-Man can’t do that a spider can. One, crawl in your ear and die. Two, legally leave Guatemala without a passport. Three, have sex with a spider.”"
6,11,0611,Series 06 Episode 11 – The Santa Simulation,3,3,3,3,Moderate — better for older kids / preteens,"Sex & hookups — Penny: “Oh, you poor thing. Is having a real-life girlfriend who has sex with you getting in the way of your board games?”"
6,12,0612,Series 06 Episode 12 – The Egg Salad Equivalency,1,3,3,3,Moderate — better for older kids / preteens,"Sex & hookups — Sheldon: “I don’t see why I’m the one being persecuted here. Dr. Hofstadter, he was bragging about his sexual desirability to anyone who would listen.…”"
6,13,0613,Series 06 Episode 13 – The Bakersfield Expedition,2,1,3,3,Moderate — better for older kids / preteens,"Sex & hookups — Raj: “Now let’s do some sexy glamour shots. I’ll set the mood. (Rhythmically) Oontz, oontz, oontz, oontz, oontz, oontz, oontz, oontz, oontz, oontz, oontz, oontz, oontz, oontz, oontz, oontz, Yeah, nice one, oontz, oontz.…”"
6,14,0614,Series 06 Episode 14 – The Cooper/Kripke Inversion,1,3,2,3,Moderate — better for older kids / preteens,"Sex & hookups — Bernadette: “No, here’s how love works. You’re gonna return the machine, or you can print out a working set of lady parts and sleep with those. Oh, my God! Are you actually thinking about it?”"
6,15,0615,Series 06 Episode 15 – The Spoiler Alert Segmentation,2,1,3,3,Moderate — better for older kids / preteens,"Nudity & bodies — Raj: “I’m trapped. My clothes have been in the laundry all day, and she hid my keys. I think they might be in her bra, because she jingles when she walks. What do I do?”"
6,16,0616,Series 06 Episode 16 – The Tangible Affection Proof,1,2,4,4,Strong — skip for little kids,Sex & hookups — Leonard: “Sorry. Maybe next year. I’m just kidding. Romance ninja. Let’s have sex. Waugh!”
6,17,0617,Series 06 Episode 17 – The Monster Isolation,2,2,1,2,Mild — okay for many kids with a parent,"Sex & hookups — Sheldon: “Hello, I’m Dr. Sheldon Cooper. Welcome to Sheldon Cooper Presents Fun with Flags. My apologies that this episode is coming late. I did shoot one last week, in honour of Black History Month, but I was informed by my…”"
6,18,0618,Series 06 Episode 18 – The Contractual Obligation Implementation,2,3,2,3,Moderate — better for older kids / preteens,"Sex & hookups — Howard: “Well, they’re actually pretty excited. I’m their most famous alum. If you don’t count the serial killer who ate all those prostitutes.”"
6,19,0619,Series 06 Episode 19 – The Closet Reconfiguration,1,2,2,2,Mild — okay for many kids with a parent,"Sex & hookups — Howard: “Oh, honey, I am in no mood to have sex tonight. I’ll lay there if you absolutely have to have it, but… Oh. What are you guys doing here?”"
6,20,0620,Series 06 Episode 20 – The Tenure Turbulence,3,2,2,3,Moderate — better for older kids / preteens,Sex & hookups — Sheldon: “My primary concern with being granted tenure is living with an insanely jealous roommate after the fact. I might need to sleep with a gun under my pillow. Or a chainsaw.”
6,21,0621,Series 06 Episode 21 – The Closure Alternative,1,2,1,2,Mild — okay for many kids with a parent,"Sex & hookups — Raj: “It’s not creepy. Don’t listen to him. Oh, look who’s got the sweetest kisses.”"
6,22,0622,Series 06 Episode 22 – The Proton Resurgence,1,1,2,2,Mild — okay for many kids with a parent,"Swearing — Howard: “Of course we can. Especially if our baby’s as calm and quiet as little Cinna… Son of a bitch, she’s gone.”"
6,23,0623,Series 06 Episode 23 – The Love Spell Potential,3,3,2,3,Moderate — better for older kids / preteens,"Sex & hookups — Howard: “Come on, are we gonna sit around chatting like a bunch of teenage girls, or are we gonna play D&D like a bunch of teenage boys who are never gonna have sex with those teenage girls?”"
6,24,0624,Series 06 Episode 24 – The Bon Voyage Reaction,2,1,2,2,Mild — okay for many kids with a parent,"Swearing — Penny: “Oh, sweetie, if you’re gonna screw things up, it’s gonna be while you’re here, not while you’re away. No. I mean, look, you have to go. It sounds like an amazing opportunity.…”"
7,1,0701,Series 07 Episode 01 – The Hofstadter Insufficiency,1,2,1,2,Mild — okay for many kids with a parent,Sex & hookups — Amy: “Your brainy virgin kind of sounds like Sheldon.”
7,2,0702,Series 07 Episode 02 – The Deception Verification,3,2,2,3,Moderate — better for older kids / preteens,"Sex & hookups — Howard: “Sex? Really? I mean, that’s just your solution to everything.”"
7,3,0703,Series 07 Episode 03 – The Scavenger Vortex,3,1,2,3,Moderate — better for older kids / preteens,"Swearing — Penny: “No, no. Let’s mix things up. I choose Sheldon, and we’re gonna kick your ass!”"
7,4,0704,Series 07 Episode 04 – The Raiders Minimization,2,4,1,4,Strong — skip for little kids,Sex & hookups — Leonard: “Who just had sex with me at work.”
7,5,0705,Series 08 Episode 05 – The Focus Attenuation,2,4,2,4,Strong — skip for little kids,Sex & hookups — Leonard: “Robot prostitute.”
7,5,0705,Series 07 Episode 05 – The Workplace Proximity,2,1,2,2,Mild — okay for many kids with a parent,Swearing — Howard: “Are you crazy? You don’t want your girlfriend at work with you. Hell Clam.”
7,6,0706,Series 07 Episode 06 – The Romance Resonance,2,4,3,4,Strong — skip for little kids,Sex & hookups — Leonard: “Sex doesn’t count.”
7,7,0707,Series 07 Episode 07 – The Proton Displacement,2,2,1,2,Mild — okay for many kids with a parent,"Sex & hookups — Amy: “They’re gonna have sex before Sheldon and I do, I know it.”"
7,8,0708,Series 07 Episode 08 – The Itchy Brain Simulation,2,2,2,2,Mild — okay for many kids with a parent,"Sex & hookups — Howard: “Well, if I may, he has so little self-respect and is so desperate for the smallest crumb of affection, she could literally sleep with his own father in his own bed and post the video to YouTube, and he’d still buy her…”"
7,9,0709,Series 07 Episode 09 – The Thanksgiving Decoupling,2,4,3,4,Strong — skip for little kids,Sex & hookups — Howard: “Sounds like Zack’s the victim. You’re sleeping with his wife.”
7,10,0710,Series 07 Episode 10 – The Discovery Dissipation,2,2,1,2,Mild — okay for many kids with a parent,"Sex & hookups — Sheldon: “Oh, everything is just sex with you isn’t it?”"
7,11,0711,Series 07 Episode 11 – The Cooper Extraction,2,2,1,2,Mild — okay for many kids with a parent,Sex & hookups — Stuart: “Not until I get my kiss.”
7,12,0712,Series 07 Episode 12 – The Hesitation Ramification,2,1,2,2,Mild — okay for many kids with a parent,"Nudity & bodies — Penny: “Really? ‘Cause this morning at Starbucks, a pair of old underwear fell out of my pant leg. And it wasn’t the only one in there.”"
7,13,0713,Series 07 Episode 13 – The Occupation Recalibration,1,1,2,2,Mild — okay for many kids with a parent,Swearing — Bernadette: “Batman got his ass kicked by my curling iron.”
7,14,0714,Series 07 Episode 14 – The Convention Conundrum,1,4,2,4,Strong — skip for little kids,"Sex & hookups — Penny: “Okay, sex is not what makes you a grown-up.”"
7,15,0715,Series 07 Episode 15 – The Locomotive Manipulation,1,3,2,3,Moderate — better for older kids / preteens,"Sex & hookups — Raj: “Thank you. Oh, and I’d like for at least one of us to see some action, so if you guys happen to have sex, it’s cool if she stays in the room.”"
7,16,0716,Series 07 Episode 16 – The Table Polarisation,3,1,2,3,Moderate — better for older kids / preteens,Sex & hookups — Penny: “Or you’re the frog who’s been kissed by a princess and turned into a prince.”
7,17,0717,Series 07 Episode 17 – The Friendship Turbulence,2,3,2,3,Moderate — better for older kids / preteens,"Sex & hookups — Raj: “Thank you. That was the closest I’ve come to sex in, like, two years.”"
7,18,0718,Series 07 Episode 18 – The Mommy Observation,3,4,3,4,Strong — skip for little kids,Sex & hookups — Howard: “While you confront your mother about her sex life? I’d rather go back to that bar in ass-less chaps.”
7,19,0719,Series 07 Episode 19 – The Indecision Amalgamation,2,2,2,2,Mild — okay for many kids with a parent,"Sex & hookups — Penny: “Unless you’re sleeping with one of them, seeing other people isn’t a big deal.”"
7,20,0720,Series 07 Episode 20 – The Relationship Diremption,1,2,1,2,Mild — okay for many kids with a parent,Sex & hookups — Howard: “Only without the sex.”
7,21,0721,Series 07 Episode 21 – The Anything Can Happen Recurrence,2,3,1,3,Moderate — better for older kids / preteens,"Sex & hookups — Raj: “Okay. So, in the last 20 minutes, we’ve seen a crazy woman kissing a fetus in a jar. We’ve seen a guy cut in half and sewn to a fish.”"
7,22,0722,Series 07 Episode 22 – The Proton Transmogrification,3,2,3,3,Moderate — better for older kids / preteens,"Sex & hookups — Sheldon: “If we were in a physical relationship, you just lost sex tonight.”"
7,23,0723,Series 07 Episode 23 – The Gorilla Dissolution,2,4,2,4,Strong — skip for little kids,Sex & hookups — Raj: “Eleven. Wait. Do I count the 200-pound Sailor Moon girl that Howard and I had a threesome with at Comic Con?”
7,24,0724,Series 07 Episode 24 – The Status Quo Combustion,2,3,2,3,Moderate — better for older kids / preteens,Sex & hookups — Howard: “Because you had sex the other night?”
8,1,0801,Series 08 Episode 01 – The Locomotion Interruption,1,2,1,2,Mild — okay for many kids with a parent,"Sex & hookups — Howard: “First of all, no one can replace me as a son. I’m her little matzo ball. And secondly, my mother is well past having any kind of sex life.”"
8,2,0802,Series 08 Episode 02 – The Junior Professor Solution,2,1,2,2,Mild — okay for many kids with a parent,"Swearing — Amy: “Okay, good luck. And call me later, you know, if you decide she’s a bitch or something. Hey, girlfriend.”"
8,3,0803,Series 08 Episode 03 – The First Pitch Insufficiency,2,2,2,2,Mild — okay for many kids with a parent,"Nudity & bodies — Amy: “It’s a good thing I’m not wearing flag underwear right now, ’cause there’s about to be a fire.”"
8,4,0804,Series 08 Episode 04 – The Hook-Up Reverbration,1,3,1,3,Moderate — better for older kids / preteens,"Sex & hookups — Emily: “Look, it’s nothing. It’s just, Raj told me that a while ago, you two hooked up.”"
8,6,0806,Series 08 Episode 06 – The Expedition Approximation,2,3,1,3,Moderate — better for older kids / preteens,"Sex & hookups — Leonard: “Sure. In my mind, that broke the tension with comedy and led to sex.”"
8,7,0807,Series 08 Episode 07 – The Misinterpretation Agitation,2,2,1,2,Mild — okay for many kids with a parent,"Sex & hookups — Bernadette: “It was fine, but you’ll be happy to know they pulled the sexy scientists article.”"
8,8,0808,Series 08 Episode 08 – The Prom Equivalency,3,4,2,4,Strong — skip for little kids,"Sex & hookups — Leonard: “Oh, it’s all right. We ended up having a threesome with her friend humiliation, so…”"
8,9,0809,Series 08 Episode 09 – The Septum Deviation,3,1,2,3,Moderate — better for older kids / preteens,"Swearing — Penny: “Okay, the reason he deceived you is you were being a pain in the ass.”"
8,10,0810,Series 08 Episode 10 – The Champagne Reflection,1,1,2,2,Mild — okay for many kids with a parent,"Nudity & bodies — Leonard: “Mm. I know how you feel. I spent the day throwing out a man’s entire career, and all that’s left is an old bottle of champagne and a naked lady pen that Raj took when he thought no one was looking.”"
8,11,0811,Series 08 Episode 11 – The Clean Room Infiltration,2,2,2,2,Mild — okay for many kids with a parent,"Sex & hookups — Sheldon: “Because in the last ten minutes, Santa came to town, kissed Mommy and ran Grandma over with a reindeer. I had a drunk uncle who did all those things. Nobody sings songs about him.”"
8,12,0812,Series 08 Episode 12 – The Space Probe Disintegration,3,1,2,3,Moderate — better for older kids / preteens,"Nudity & bodies — Sheldon: “That’s easy for you to say. Your chair’s not facing the lingerie section. Boy, that’s a lot of panties.”"
8,13,0813,Series 08 Episode 13 – The Anxiety Optimisation,2,2,1,2,Mild — okay for many kids with a parent,"Sex & hookups — Penny: “Uh, Bernadette’s nickname for you is the virgin piña colada.”"
8,14,0814,Series 08 Episode 14 – The Troll Manifestation,2,2,1,2,Mild — okay for many kids with a parent,"Sex & hookups — Sheldon: “You mess with the bull, you get the horns. I’m about to show this guy just how horny I can be.”"
8,15,0815,Series 08 Episode 15 – The Comic Book Store Regeneration,1,1,3,3,Moderate — better for older kids / preteens,Nudity & bodies — Sheldon: “I can’t. I’m naked.”
8,16,0816,Series 08 Episode 16 – The Intimacy Acceleration,2,1,1,2,Mild — okay for many kids with a parent,"Nudity & bodies — Raj: “Ooh. Okay, let’s hope one of the clues is written on a pair of clean underwear.”"
8,17,0817,Series 08 Episode 17 – The Colonization Application,2,1,2,2,Mild — okay for many kids with a parent,"Swearing — Emily: “And the more important thing to remember is that I’d never hurt you. Oh, crap. I have to run over to the hospital and check on a patient.”"
8,18,0818,Series 08 Episode 18 – The Leftover Thermalization,3,1,1,3,Moderate — better for older kids / preteens,Nudity & bodies — Amy: “We won’t know if there’s equality until female Thor has a baby and the Avengers are cool with her pumping breast milk at work.”
8,19,0819,Series 08 Episode 19 – The Skywalker Incursion,3,2,2,3,Moderate — better for older kids / preteens,Sex & hookups — Howard: “That’s not fair. It’s like me challenging you to a sexy pants contest.”
8,20,0820,Series 08 Episode 20 – The Fortification Implementation,2,2,2,2,Mild — okay for many kids with a parent,Sex & hookups — Josh: “You had sex with a robot?”
8,21,0821,Series 08 Episode 21 – The Communication Deterioration,2,1,2,2,Mild — okay for many kids with a parent,Nudity & bodies — Howard: “The plaque they sent up on the Pioneer probe had a drawing of a naked man and woman on it.”
8,22,0822,Series 08 Episode 22 – The Graduation Transmission,2,2,1,2,Mild — okay for many kids with a parent,"Sex & hookups — Leonard: “Really? Sex last night, pancakes this morning, am I dying?”"
8,23,0823,Series 08 Episode 23 – The Maternal Combustion,1,1,2,2,Mild — okay for many kids with a parent,"Sex & hookups — Together (singing): It’s the hard-knock life for us, it’s the hard-knock life for us. ‘Stead of treated, we get tricked, ‘stead of kisses, we get kicked, it’s the hard-knock life.…"
8,24,0824,Series 08 Episode 24 – The Commitment Determination,2,2,1,2,Mild — okay for many kids with a parent,"Sex & hookups — Raj: “No, because she wants to have sex with me in a graveyard.”"
9,1,0901,Series 09 Episode 01 – The Matrimonial Momentum,2,4,2,4,Strong — skip for little kids,"Sex & hookups — Penny: “It’s just, when we were kissing, I couldn’t help but picture you with that other girl.”"
9,2,0902,Series 09 Episode 02 – The Separation Oscillation,1,2,2,2,Mild — okay for many kids with a parent,"Sex & hookups — Mandy: “Oh, no, did I sleep with you, too?”"
9,3,0903,Series 09 Episode 03 – The Batchelor Party Corrosion,3,4,1,4,Strong — skip for little kids,Sex & hookups — Sheldon: “It’s bad enough I’m being taken against my will. I don’t see why it has to be in some hippie’s mobile sex dungeon.”
9,4,0904,Series 09 Episode 04 – The 2003 Approximation,2,2,1,2,Mild — okay for many kids with a parent,"Sex & hookups — Howard: “Oh, please. Your brain belongs to whoever’s willing to sleep with you.”"
9,5,0905,Series 09 Episode 05 – The Perspiration Implementation,3,2,1,3,Moderate — better for older kids / preteens,"Nudity & bodies — Stuart: “Uh, I’ve, I’ve been stocking more female-oriented titles. Uh, in the bathroom, I folded the end of the toilet paper into a triangle. And, uh, you are now sitting in the official breastfeeding area.”"
9,6,0906,Series 09 Episode 06 – The Helium Insufficiency,2,2,2,2,Mild — okay for many kids with a parent,"Sex & hookups — Stuart: “One of which would’ve ended in sex had she not said no. Okay, all set.”"
9,7,0907,Series 09 Episode 07 – The Spock Resonance,2,1,1,2,Mild — okay for many kids with a parent,"Alcohol / Drugs — Bernadette: “Oh, please. Mom did everything. All you did was come home from work, sit on the couch and drink beer. How is that raising kids?”"
9,8,0908,Series 09 Episode 08 – The Mystery Date Observation,1,1,2,2,Mild — okay for many kids with a parent,"Sex & hookups — Bernadette: “Yeah, it’s your third date, maybe you could go more sexy.”"
9,9,0909,Series 09 Episode 09 – The Platonic Permutation,2,3,2,3,Moderate — better for older kids / preteens,Sex & hookups — Sheldon: “How many dates have you been on? Who were they with? Where’d you go? Where did you meet them? Did you sleep with them? And how much longer to the aquarium? I’m getting kind of hungry.”
9,10,0910,Series 09 Episode 10 – The Earworm Reverberation,2,1,1,2,Mild — okay for many kids with a parent,"Sex & hookups — Dave: “Kiss her, you brilliant fool.”"
9,11,0911,Series 09 Episode 11 – The Opening Night Excitation,1,2,2,2,Mild — okay for many kids with a parent,"Sex & hookups — Arthur: “Uh, beats me. I, I just hope this isn’t a, a sex dream.”"
9,12,0912,Series 09 Episode 12 – The Sales Call Sublimation,1,2,1,2,Mild — okay for many kids with a parent,"Sex & hookups — Penny: “How can I not sound like his mother when our entire bedroom is filled with Star Wars toys? I mean, have you ever had sex with a stuffed Wookiee watching you?”"
9,13,0913,Series 09 Episode 13 – The Empathy Optimisation,3,4,2,4,Strong — skip for little kids,Porn / strippers — Stripper or strip-club material shows up in the plot.
9,14,0914,Series 09 Episode 14 – The Meemaw Materialisation,2,4,2,4,Strong — skip for little kids,"Sex & hookups — Howard: “And made up my mind, I’ll ask for a threesome and if they say no, play it off as a joke.”"
9,15,0915,Series 09 Episode 15 – The Valentino Submergence,2,3,3,3,Moderate — better for older kids / preteens,Sex & hookups — Penny: “I’m still sleeping with you tonight.”
9,16,0916,Series 09 Episode 16 – The Positive Negative Reaction,2,3,3,3,Moderate — better for older kids / preteens,"Sex & hookups — Raj: “Groundbreaking revelations, tropical drinks. Tell me this isn’t like the best episode of Sex and the City.”"
9,17,0917,Series 09 Episode 17 – The Celebration Experimentation,1,1,1,1,Usually fine,
9,18,0918,Series 09 Episode 18 – The Application Deterioration,1,2,2,2,Mild — okay for many kids with a parent,Sex & hookups — Penny: “Ooh. You’re gonna make out so hard tonight.”
9,19,0919,Series 09 Episode 19 – The Solder Excursion Diversion,3,2,2,3,Moderate — better for older kids / preteens,Sex & hookups — Bernadette: “We heard there were some sexy scientists working hard all weekend.”
9,20,0920,Series 09 Episode 20 – The Big Bear Precipitation,1,1,2,2,Mild — okay for many kids with a parent,Swearing — Howard: “What the hell are you watching?”
9,21,0921,Series 09 Episode 21 – The Viewing Party Combustion,3,3,3,3,Moderate — better for older kids / preteens,"Sex & hookups — Raj: “Okay. Oh, how about this? Stuart’s dressed like a brother of the Night’s Watch, and they don’t have sex.”"
9,22,0922,Series 09 Episode 22 – The Fermentation Bifurcation,2,4,2,4,Strong — skip for little kids,"Sex & hookups — Howard: “Well, we’re out. Bernie can’t drink ’cause she’s pregnant. And she’s pregnant because we had sex. And we had sex because, well, come on.”"
9,23,0923,Series 09 Episode 23 – The Line Substitution Solution,1,2,1,2,Mild — okay for many kids with a parent,"Sex & hookups — Penny: “Well, I’d actually like for us to be close, but maybe we start with our favourite books and work our way up to my husband’s sex organs.”"
9,24,0924,Series 09 Episode 24 – The Convergence Convergence,2,2,2,2,Mild — okay for many kids with a parent,Sex & hookups — Beverly: “Like you did before sex?”
10,1,1001,Series 10 Episode 01 – The Conjugal Conjecture,1,1,1,1,Usually fine,"Alcohol / Drugs — Wyatt: “He was cooking and selling crystal meth, Susan, I think we can let the cigarettes slide.”"
10,2,1002,Series 10 Episode 02 – The Military Miniturization,2,3,2,3,Moderate — better for older kids / preteens,Sex & hookups — Bernadette: “It had to be Barbara. I’ve been trying to figure out a way to get back at her. Do you think using her work computer to Google how to be a prostitute is over the line?”
10,3,1003,Series 10 Episode 03 -The Dependence Transcendence,2,2,1,2,Mild — okay for many kids with a parent,"Nudity & bodies — Bernadette: “Once, I was supposed to babysit my brothers. Our neighbour found them naked in the backyard eating crickets.”"
10,4,1004,Series 10 Episode 04 – The Cohabitation Experimentation,2,4,2,4,Strong — skip for little kids,"Sex & hookups — Penny: “Okay, you guys had sex one whole time. Nothing can put out a fire like that.”"
10,5,1005,Series 10 Episode 05 – The Hot Tub Contamination,1,2,1,2,Mild — okay for many kids with a parent,Sex & hookups — Howard: “Does it sound sexy?”
10,6,1006,Series 10 Episode 06 – The Foetal Kick Catalyst,1,1,2,2,Mild — okay for many kids with a parent,"Sex & hookups — Awkward guy: “And, uh, could you be giving me a kiss?”"
10,7,1007,Series 10 Episode 07 – The Veracity Elasticity,2,2,2,2,Mild — okay for many kids with a parent,Sex & hookups — Penny: “We turned your room into a sex dungeon.”
10,8,1008,Series 10 Episode 08 – The Brain Bowl Incubation,1,2,2,2,Mild — okay for many kids with a parent,"Sex & hookups — Sheldon: “Okay, fine. Let’s just agree that both creations are special in their own way and it is foolish to try and compare them. Although, we didn’t need to have sex with Howard for ours, so we win.”"
10,9,1009,Series 10 Episode 09 – The Geology Elevation,2,1,1,2,Mild — okay for many kids with a parent,"Swearing — Howard: “Damn, the MacArthur Genius Grant.”"
10,10,1010,Series 10 Episode 10 – The Property Division Collision,2,2,1,2,Mild — okay for many kids with a parent,"Sex & hookups — Penny: “Well, my go-to move is usually sleep with the person’s boyfriend, but I kind of feel like I’m already doing that.”"
10,11,1011,Series 10 Episode 11 – The Birthday Synchronicity,1,3,2,3,Moderate — better for older kids / preteens,"Sex & hookups — Leonard: “Okay, I can breathe again. Babe, they want to have sex.”"
10,12,1012,Series 10 Episode 12 – The Holiday Summation,2,2,1,2,Mild — okay for many kids with a parent,Sex & hookups — Howard: “It has been hard to sleep with all the crying.”
10,13,1013,Series 10 Episode 13 – The Romance Recalibration,1,2,2,2,Mild — okay for many kids with a parent,Sex & hookups — Howard: “Mm. I hope she has the same amount of sex in it I did. None. Next square.”
10,14,1014,Series 10 Episode 14 – The Emotion Detection Automation,2,2,1,2,Mild — okay for many kids with a parent,"Sex & hookups — Sheldon: “Of course you’re fine. Not every member of a species finds a mate. Sir Isaac Newton died a virgin, look at the contributions he made.”"
10,15,1015,Series 10 Episode 15 – The Locomotion Reverberation,1,2,2,2,Mild — okay for many kids with a parent,"Nudity & bodies — Amy: “Well, the bra under here ain’t beige.”"
10,16,1016,Series 10 Episode 16 – The Allowance Evaporation,1,2,1,2,Mild — okay for many kids with a parent,"Sex & hookups — Bert: “Well, I really envy your relationship. Other than you two only having sex once a year, you’re the perfect couple.”"
10,17,1017,Series 10 Episode 17 – The Comic-Con Conundrum,2,1,2,2,Mild — okay for many kids with a parent,"Sex & hookups — Raj: “Yeah, you’d think. Ooh, maybe I could sell my blood and sperm.”"
10,18,1018,Series 10 Episode 18 – The Escape Hatch Identification,2,2,1,2,Mild — okay for many kids with a parent,Sex & hookups — Howard: “He also never had sex in that room. That’s something else to look forward to.”
10,19,1019,Series 10 Episode 19 – The Collaboration Fluctuation,2,4,2,4,Strong — skip for little kids,Nudity & bodies — Explicit body / sex-act language appears in dialogue.
10,20,1020,Series 10 Episode 20 – The Recollection Dissipation,1,2,2,2,Mild — okay for many kids with a parent,"Sex & hookups — Sheldon: “What? You hold my hand, you kiss my mouth, but you draw the line at a hundred and two fever? What happened to our love?”"
10,21,1021,Series 10 Episode 21 – The Separation Agitation,1,1,1,1,Usually fine,Nudity & bodies — Bert: “She was also interested in walking around my house in her underwear. Now the only one doing that is me.”
10,22,1022,Series 10 Episode 22 – The Cognition Regeneration,2,3,1,3,Moderate — better for older kids / preteens,"Sex & hookups — Raj: “Okay. Shall we? Oh, my God. It’s light, it’s flaky, it’s buttery. You don’t need to have sex with him, just eat one of these.”"
10,23,1023,Series 10 Episode 23 – The Gyroscopic Collapse,1,1,2,2,Mild — okay for many kids with a parent,Sex & hookups — Howard: “I found it right next to these kisses.”
10,24,1024,Series 10 Episode 24 – The Long Distance Dissonance,3,1,1,3,Moderate — better for older kids / preteens,"Violence & death — Sheldon: “Now, I’ve learned some fun facts about New Jersey to help you make small talk. Would you like to know the state bird or the murder rate? They’re both shocking.”"
11,1,1101,1. The Proposal Proposal,1,3,2,3,Moderate — better for older kids / preteens,"Sex & hookups — 1 Previously on The Big Bang Theory I was offered a summer research fellowship at Princeton. A fine institution. The place where Albert Einstein taught, and where Leonard got his PhD, so it may have gone downhill.…"
11,2,1102,2. The Retraction Reaction,1,2,3,3,Moderate — better for older kids / preteens,"Sex & hookups — 1 Uh, One dumpling left. Who wants it? Maybe you should offer it to the pregnant lady. And that would be Me, Sheldon. I'm obviously pregnant. Well, you never said it to my face.…"
11,3,1103,3. The Relaxation Integration,2,2,1,2,Mild — okay for many kids with a parent,"Sex & hookups — 1 Hmm. Some news of our wedding. I have sent you all a ""save the date"" e-mail. Oh, exciting. You guys picked a date? Better. I picked 80 dates. And I need you to save them all until we narrow it down.…"
11,4,1104,4. The Explosion Implosion,1,2,2,2,Mild — okay for many kids with a parent,"Sex & hookups — 1 It feels like it wasn't that long ago we were here doing this for Halley. 'Cause it wasn't. Which reminds me, before we leave, let's get you a vasectomy. Oh, that's sweet, but today is all about you.…"
11,5,1105,5. The Collaboration Contamination,1,3,1,3,Moderate — better for older kids / preteens,"Sex & hookups — 1 Thanks for letting me put Halley in your room. Yeah, no problem. Oh, and, Penny, she kinda threw up on your stuffed bear. Oh, that's okay. Hey. Tha-That's an Ewok and it's mine. Yeah, which is why it's okay.…"
11,6,1106,6. The Proton Regeneration,1,2,1,2,Mild — okay for many kids with a parent,"Sex & hookups — 1 Howie, slow down. I can't. I'm not allowed to eat for 12 hours before my surgery, and I only got two more minutes. What surgery are you having? I'm stress eating. My best friend's getting a vasectomy tomorrow.…"
11,7,1107,7. The Geology Methodology,2,2,3,3,Moderate — better for older kids / preteens,"Sex & hookups — 1 Hey, uh, who's free tonight? - Oh, I think I'm - Hang on. We've made this mistake before. It's how we wound up at his cousin Deepak's Tupperware party.…"
11,8,1108,8. The Tesla Recoil,2,3,3,3,Moderate — better for older kids / preteens,"Sex & hookups — 1 Can we start the movie? Before Sheldon gets here? Last time we did that, he didn't talk to us for a month. So do it! Hold on. Where is he?…"
11,9,1109,9. The Bitcoin Entanglement,2,2,2,2,Mild — okay for many kids with a parent,Porn / strippers — 1 Why are they making four more Avatar movies? It's not like the first one is even that good. What are you talking about? You love that movie. You even went as Avatar for Halloween. I remember.…
11,10,1110,10. The Confidence Erosion,2,2,1,2,Mild — okay for many kids with a parent,"Sex & hookups — 1 This was a good idea. It's been a long time since we've had girls' night. Yeah, it's so nice to have a relaxing evening at home doing nothing.…"
11,11,1111,11. The Celebration Reverberation,1,2,1,2,Mild — okay for many kids with a parent,"Sex & hookups — 1 Previously on The Big Bang Theory Want to grab some lunch? You know what? I don't think so. Oh, let me guess, you're not eating because the mean girls circled your chubby bits in marker? No. That, that right there.…"
11,12,1112,12. The Matrimonial Metric,1,2,3,3,Moderate — better for older kids / preteens,"Nudity & bodies — 1 Hey, can you do me a favor? Can we try to avoid talking to our friends tonight about our wedding plans? I'll do you one better. I'll avoid talking to our friends entirely and play on my phone.…"
11,13,1113,13. The Solo Oscillation,2,1,1,2,Mild — okay for many kids with a parent,"Sex & hookups — 1 Hey! Look what I got everybody. Newspapers? Did you find a portal back to the 1990s? No. If he had that, he'd be trying to prevent NSYNC from breaking up. Oh, please. I'm glad they broke up.…"
11,14,1114,14. The Separation Triangulation,2,3,2,3,Moderate — better for older kids / preteens,"Sex & hookups — 1 Space is the mirror of the soul. Are we looking beyond, or are we looking within? I'm looking at my shoes. This is making me a little motion sick.…"
11,15,1115,15. The Novelization Correlation,3,1,2,3,Moderate — better for older kids / preteens,"Swearing — 1 Previously on The Big Bang Theory So, Leonard, tell everyone your news. Oh, uh, I am starting a book. That would be big news from Penny, but you've read a book before. He means he's writing a book. I do.…"
11,16,1116,16. The Neonatal Nomenclature,1,3,2,3,Moderate — better for older kids / preteens,"Sex & hookups — 1 Howie? Howie, wake up. It's time. Oh. Did your water break? No. Are you feeling any contractions? No. Wait. Well, where are you going? To the hospital. Today's my due date, and this crap needs to end now.…"
11,17,1117,17. The Athenaeum Allocation,2,1,2,2,Mild — okay for many kids with a parent,"Sex & hookups — 1 Oh, my God, I can't believe how big Halley's getting. Yeah-- where's Howard? He's changing Michael. A-All done. You know, fun fact, did you know baby boys can pee straight up? Grown-up boys, too.…"
11,18,1118,18. The Gates Excitation,2,2,2,2,Mild — okay for many kids with a parent,"Sex & hookups — 1 But why do they still call Batman using the Bat-Signal? Wouldn't it just be, like, easier to text him? The Bat-Signal isn't just to alert Batman, it's also to strike fear in the hearts of his enemies and let them…"
11,19,1119,19. The Tenant Disassociation,2,2,1,2,Mild — okay for many kids with a parent,"Sex & hookups — 1 Why are you wearing a Band-Aid? Halley bit me. (laughs) You got beaten up by a girl. Hey, that's sexist. You're right. (laughs) You got beaten up by a baby. - Hi. - Hey. - Hey.…"
11,20,1120,20. The Reclusive Potential,1,3,1,3,Moderate — better for older kids / preteens,"Sex & hookups — 1 KOOTHRAPPALI: If Bruce Banner's driving a rental car and turns into the Hulk, do you think he's covered, or does he need to add the Hulk as an additional driver? You really need a girlfriend.…"
11,21,1121,21. The Comet Polarization,2,1,2,2,Mild — okay for many kids with a parent,"Swearing — 1 WOLOWITZ: What are you doing? Pigeon check for Sheldon. North side's all clear! Great. Let's look at some planets! Hey, why'd you lug your telescope all the way over here? Leonard has one in our apartment.…"
11,22,1122,22. The Monetary Insufficiency,2,1,1,2,Mild — okay for many kids with a parent,Nudity & bodies — 1 What-what are you doing? The light is red so I came to a stop. You're in a stolen cop car with a dead hooker in the trunk. You don't have to obey traffic laws. I know I don't have to. The fun is choosing to. Hey.…
11,23,1123,23. The Sibling Realignment,2,2,3,3,Moderate — better for older kids / preteens,"Sex & hookups — 1 That's not right. That's so unreasonable. Yeah, well, if you're going to be like this, then I don't want to talk to you right now, either. Okay. I love you. Bye. Amazon customer support? No, my mother.…"
11,24,1124,24. The Bow Tie Asymmetry,1,1,2,2,Mild — okay for many kids with a parent,"Sex & hookups — 1 All right, Saturday is the big day. A lot of people thought this would never come. I may have been one of those people. I may have been one of those people. Wait, wait, are we talking about the wedding? Yes.…"
12,1,1201,1. The Conjugal Configuration,1,3,1,3,Moderate — better for older kids / preteens,"Sex & hookups — 1 Previously on The Big Bang Theory Can you believe our little lamb is finally getting married? He can't believe it. And neither can I. (laughing) Hi, Dad.…"
12,2,1202,2. The Wedding Gift Wormhole,1,2,2,2,Mild — okay for many kids with a parent,"Sex & hookups — 1 But I think, by the end of the honeymoon, we really started to feel like a married couple. But the good kind, like on TV, not like my parents. - Yeah.…"
12,3,1203,3. The Procreation Calculation,2,2,2,2,Mild — okay for many kids with a parent,"Sex & hookups — 1 So, Penny, we were talking to our neighbors, and they're thinking of moving and selling their house. Really? Why? Something about babies crying and keeping them up all night; it's not important.…"
12,4,1204,4. The Tam Turbulence,2,1,1,2,Mild — okay for many kids with a parent,"Swearing — 1 Hey, whatcha doing? Improving our wedding photos. Oh, that's nice. Wait, I'm still in them, right? Of course. And not only you. I've added some guests who couldn't be there.…"
12,5,1205,5. The Planetarium Collision,1,1,2,2,Mild — okay for many kids with a parent,"Sex & hookups — 1 Recently, 12 new moons were discovered orbiting Jupiter, bringing the total up to 79. As a middle child myself, I'd like to extend my sympathies to moons two through 78. Your grandpa will never learn your name.…"
12,6,1206,6. The Imitation Perturbation,2,2,1,2,Mild — okay for many kids with a parent,"Sex & hookups — 1 Hey, did you guys know this year's the 40th anniversary of Halloween? - Oh, nonsense. Halloween traditions of date back to the Celtic festival of Samhain.…"
12,7,1207,7. The Grant Allocation Derivation,1,2,1,2,Mild — okay for many kids with a parent,"Sex & hookups — 1 Oh, this is amazing. I wish I had a playhouse like this when I was a kid. Really? You never had a playhouse? No. I mean, my dad did buy the house next door for us to play in.…"
12,8,1208,8. The Consummation Deviation,1,3,1,3,Moderate — better for older kids / preteens,"Sex & hookups — 1 Hey, you guys have any plans for Valentine's Day? Three months from now? No. - What? No? - I mean, secret romantic plans that would be ruined if I told you. Oh.…"
12,9,1209,9. The Citation Negation,2,2,3,3,Moderate — better for older kids / preteens,"Sex & hookups — 1 Sheldon, do you want to put the tables after each section or in an appendix at the end? You know what? We wrote this paper together. I think we should decide together that they go in an appendix at the end.…"
12,10,1210,10. The VCR Illumination,2,3,2,3,Moderate — better for older kids / preteens,"Sex & hookups — 1 Previously on The Big Bang Theory Actually, I-I need to talk to both of you about your paper. Oh, right, how are the citations coming? Um We came a-across a-a Russian paper that seems to disprove super-asymmetry.…"
12,11,1211,11. The Paintball Scattering,3,2,3,3,Moderate — better for older kids / preteens,"Sex & hookups — 1 Champagne, a champagne, a champagne with a packet of Splenda in it. - You know what I call this drink? - A waste of champagne? No. A Dr. Cooper. Because He's also sweet and bubbly. All right.…"
12,12,1212,12. The Propagation Proposition,1,2,3,3,Moderate — better for older kids / preteens,"Sex & hookups — 1 Previously on The Big Bang Theory So I told my mom she just needed to back off. This is our wedding, and if anyone's gonna design the floral arrangements, it's going to be my man. Thank you.…"
12,13,1213,13. The Confirmation Polarization,2,1,2,2,Mild — okay for many kids with a parent,Swearing — 1 Hello. I'm Dr. Sheldon Cooper. And I'm Dr. Amy Farrah Fowler. And this is: Dr. Sheldon Cooper and Dr. Amy Farrah Fowler present BOTH: Dr. Sheldon Cooper's Fun with Flags.…
12,14,1214,14. The Meteorite Manifestation,1,1,2,2,Mild — okay for many kids with a parent,"Swearing — 1 Ooh, it's freezing out here. Would you like me to heat things up? No, I want to get in the hot tub before I lose a toe. Oh. That is bright! Yeah, a new neighbor put in floodlights. Huh. So, shall we? No.…"
12,15,1215,15. The Donation Oscillation,1,3,1,3,Moderate — better for older kids / preteens,"Sex & hookups — 1 Previously on The Big Bang Theory Uh, we sort of have another reason for asking you here. We want to have a baby, but we can't do it on our own. Okay, whoa, whoa. Whoa, whoa, whoa.…"
12,16,1216,16. The D & D Vortex,2,1,2,2,Mild — okay for many kids with a parent,"Swearing — 1 All right, Professor Proton fans, get ready to meet Dr. Sheldon Cooper and Dr. Amy Farrah Fowler, a pair of real-life scientists who may win the Nobel Prize.…"
12,17,1217,17. The Conference Valuation,1,1,2,2,Mild — okay for many kids with a parent,Swearing — 1 Previously on The Big Bang Theory The drug I've been working on for the past five years just got approved by the FDA. - Wow. - Oh. Congratulations.…
12,18,1218,18. The Laureate Accumulation,2,1,2,2,Mild — okay for many kids with a parent,Sex & hookups — 1 Previously on The Big Bang Theory We just published a few months ago. How did you have time to design an experiment? This whole thing is actually a gigantic accident.…
12,19,1219,19. The Inspiration Deprivation,1,1,2,2,Mild — okay for many kids with a parent,"Sex & hookups — 1 Previously on The Big Bang Theory We conclusively proved super-asymmetry, and yet somehow we-we still feel like imposters. Yeah, there should be a term for that.…"
12,20,1220,20. The Decision Reverberation,1,3,1,3,Moderate — better for older kids / preteens,"Sex & hookups — 1 Oh, the there's a 7:15 at the ArcLight. Well, that doesn't give us much time to eat. We can eat afterwards. I'm not gonna eat at 10:00 at night.…"
12,21,1221,21. The Plagiarism Schism,2,4,2,4,Strong — skip for little kids,"Sex & hookups — 1 Previously on The Big Bang Theory We conclusively proved super-asymmetry, and yet somehow we-we still feel like imposters. Yeah, there should be a term for that.…"
12,22,1222,22. The Maternal Conclusion,1,2,1,2,Mild — okay for many kids with a parent,"Nudity & bodies — 1 Leonard, when are you leaving to pick your mother up from the airport? Uh, well, let's see, her plane gets in at 3:00, figure half hour to get her luggage, so never.…"
12,23,1223,23. The Change Constant; The Stockholm Syndrome,2,3,2,3,Moderate — better for older kids / preteens,"Sex & hookups — 1 Previously, on The Big Bang Theory Guess I'm your new neighbor. Penny. - Oh. Leonard. Sheldon. - Hi. - Hi. - Hi. - Hi. - Hi. That's where I sit. Howard Wolowitz. Caltech Department of Applied Physics. Penny? Leonard.…"
12,90,1290,90. Unraveling The Mystery: A Big Bang Farewell,2,4,2,4,Strong — skip for little kids,"Sex & hookups — 1 [BIRDS SINGING.] Broke into the old apartment This is where we used to live Broken windows, broke and hungry Broken hearts and broken bones This is where we used to live Broke into the old apartment MAN: Ladies and…"
